A060310,3S
A095570,AJ네트웍스
A006840,AK홀딩스
A054620,APS
A265520,AP시스템
A211270,AP위성
A139050,BF랩스
A027410,BGF
A282330,BGF리테일
A126600,BGF에코머티리얼즈
A138930,BNK금융지주
A001460,BYC
A013720,CBI
A083790,CG인바이츠
A001040,CJ
A079160,CJ CGV
A035760,CJ ENM
A311690,CJ 바이오사이언스
A000120,CJ대한통운
A011150,CJ씨푸드
A097950,CJ제일제당
A051500,CJ프레시웨이
A058820,CMG제약
A023460,CNH
A056730,CNT85
A000480,CR홀딩스
A065770,CS
A083660,CSA 코스믹
A000590,CS홀딩스
A012030,DB
A456440,DB금융스팩11호
A016610,DB금융투자
A005830,DB손해보험
A000990,DB하이텍
A139130,DGB금융지주
A060900,DGP
A290120,DH오토리드
A025440,DH오토웨어
A001530,DI동일
A000210,DL
A375500,DL이앤씨
A068790,DMS
A007340,DN오토모티브
A004840,DRB동일
A241520,DSC인베스트먼트
A155660,DSR
A069730,DSR제강
A017860,DS단석
A180400,DXVX
A017940,E1
A245620,EDGC
A037370,EG
A278990,EMB
A050120,ES큐브
A383220,F&F
A007700,F&F홀딩스
A214270,FSN
A130500,GH신소재
A114090,GKL
A900290,GRT
A078930,GS
A083450,GST
A006360,GS건설
A001250,GS글로벌
A007070,GS리테일
A066400,HANATOURIST
A297890,HB솔루션
A440290,HB인베스트먼트
A078150,HB테크놀러지
A012630,HDC
A039570,HDC랩스
A089470,HDC현대EP
A294870,HDC현대산업개발
A009540,HD한국조선해양
A267250,HD현대
A267270,HD현대건설기계
A322000,HD현대에너지솔루션
A042670,HD현대인프라코어
A267260,HD현대일렉트릭
A329180,HD현대중공업
A097230,HJ중공업
A195940,HK이노엔
A014790,HL D&I
A028300,HLB
A003580,HLB글로벌
A278650,HLB바이오스텝
A343090,HLB사이언스
A067630,HLB생명과학
A024850,HLB이노베이션
A047920,HLB제약
A115450,HLB테라퓨틱스
A046210,HLB파나진
A204320,HL만도
A060980,HL홀딩스
A011200,HMM
A403870,HPSP
A036640,HRS
A082740,HSD엔진
A035000,HS애드
A439730,IBKS제20호스팩
A442770,IBKS제21호스팩
A448760,IBKS제22호스팩
A467930,IBKS제23호스팩
A469480,IBKS제24호스팩
A104770,IBK투자증권
A003560,IHQ
A095340,ISC
A099520,ITX-AI
A175330,JB금융지주
A950170,JTC
A234080,JW생명과학
A067290,JW신약
A001060,JW중외제약
A096760,JW홀딩스
A035900,JYP Ent.
A318000,KBG
A024840,KBI메탈
A105560,KB금융
A024120,KB오토시스
A455250,KB제25호스팩
A458320,KB제26호스팩
A464680,KB제27호스팩
A002380,KCC
A021320,KCC건설
A344820,KCC글라스
A036670,KCI
A009070,KCTC
A009440,KC그린홀딩스
A112190,KC산업
A119650,KC코트렐
A044180,KD
A092220,KEC
A151860,KG ETS
A046440,KG모빌리언스
A003620,KG모빌리티
A016380,KG스틸
A035600,KG이니시스
A001390,KG케미칼
A226360,KH 건설
A111870,KH 전자
A033180,KH 필룩스
A060720,KH바텍
A015590,KIB플러그에너지
A001940,KISCO홀딩스
A058400,KNN
A025000,KPX케미칼
A092230,KPX홀딩스
A000040,KR모터스
A044450,KSS해운
A030200,KT
A033780,KT&G
A058850,KTcs
A058860,KTis
A122450,KX
A052900,KX하이텍
A376190,LB루셈
A061970,LB세미콘
A309960,LB인베스트먼트
A093050,LF
A003550,LG
A034220,LG디스플레이
A051900,LG생활건강
A373220,LG에너지솔루션
A032640,LG유플러스
A011070,LG이노텍
A066570,LG전자
A037560,LG헬로비전
A051910,LG화학
A079550,LIG넥스원
A006260,LS
A010120,LS ELECTRIC
A000680,LS네트웍스
A060370,LS마린솔루션
A417200,LS머트리얼즈
A229640,LS에코에너지
A104230,LS전선
A108320,LX세미콘
A001120,LX인터내셔널
A108670,LX하우시스
A383800,LX홀딩스
A086960,MDS테크
A023150,MH에탄올
A038340,MIT
A035420,NAVER
A160550,NEW
A053290,NE능률
A181710,NHN
A060250,NHN KCP
A104200,NHN벅스
A005940,NH투자증권
A034310,NICE
A030190,NICE평가정보
A008260,NI스틸
A004250,NPC
A222160,NPX
A456040,OCI
A010060,OCI홀딩스
A178920,PI첨단소재
A024940,PN풍년
A005490,POSCO홀딩스
A218410,RFHIC
A327260,RF머트리얼즈
A091340,S&K폴리텍
A010950,S-Oil
A419530,SAMG엔터
A019550,SBI인베스트먼트
A950110,SBI핀테크솔루션즈
A034120,SBS
A151910,SBW생명과학
A036120,SCI평가정보
A099220,SDN
A036540,SFA반도체
A255220,SG
A040610,SG&G
A049470,SGA
A184230,SGA솔루션즈
A005090,SGC에너지
A016250,SGC이테크건설
A001380,SG글로벌
A004060,SG세계물산
A001970,SG신성건설
A001770,SHD
A002360,SH에너지화학
A009160,SIMPAC
A123700,SJM
A025530,SJM홀딩스
A034730,SK
A011790,SKC
A018670,SK가스
A001740,SK네트웍스
A006120,SK디스커버리
A210980,SK디앤디
A302440,SK바이오사이언스
A326030,SK바이오팜
A402340,SK스퀘어
A260870,SK시그넷
A361610,SK아이이테크놀로지
A003340,SK에코플랜트
A100090,SK오션플랜트
A096770,SK이노베이션
A001510,SK증권
A285130,SK케미칼
A017670,SK텔레콤
A000660,SK하이닉스
A048550,SM C&C
A063440,SM Life Design
A003570,SNT다이내믹스
A064960,SNT모티브
A100840,SNT에너지
A036530,SNT홀딩스
A005610,SPC삼립
A011810,STX
A465770,STX그린로지스
A077970,STX엔진
A071970,STX중공업
A002820,SUN&L
A289080,SV인베스트먼트
A084870,TBH글로벌
A002710,TCC스틸
A089230,THE E&M
A161570,THE MIDONG
A032540,TJ미디어
A022220,TKG애강
A069260,TKG휴켐스
A048770,TPC
A246690,TS인베스트먼트
A317240,TS트릴리온
A002900,TYM
A024070,WISCOM
A057030,YBM넷
A037270,YG PLUS
A040300,YTN
A051390,YW
A052220,iMBC
A079940,가비아
A078890,가온그룹
A000500,가온전선
A399720,가온칩스
A296520,가이아코퍼레이션
A036620,감성코퍼레이션
A000860,강남제비스코
A217730,강스템바이오텍
A035250,강원랜드
A114190,강원에너지
A094480,갤럭시아머니트리
A011420,갤럭시아에스엠
A000800,경남기업
A039240,경남스틸
A053950,경남제약
A002100,경농
A009450,경동나비엔
A267290,경동도시가스
A012320,경동인베스트
A011040,경동제약
A000050,경방
A214390,경보제약
A012610,경인양행
A009140,경인전자
A024910,경창산업
A013580,계룡건설
A012200,계양전기
A002140,고려산업
A198440,고려시멘트
A049720,고려신용정보
A010130,고려아연
A002240,고려제강
A014570,고려제약
A348150,고바이오랩
A950190,고스트스튜디오
A098460,고영
A035290,골드앤에스
A123900,골든블루
A900280,골든센츄리
A215000,골프존
A121440,골프존뉴딘홀딩스
A068750,곰앤컴퍼니
A366030,공구우먼
A076340,관악산업
A009290,광동제약
A014200,광림
A017040,광명전기
A029480,광무
A017900,광전자
A037710,광주신세계
A026910,광진실업
A397880,교보11호스팩
A421800,교보12호스팩
A440790,교보13호스팩
A456490,교보14호스팩
A465320,교보15호스팩
A030610,교보증권
A201150,교육혁명
A339770,교촌에프앤비
A053270,구영테크
A007690,국도화학
A005320,국동
A001140,국보
A066620,국보디자인
A043650,국순당
A006050,국영지앤엠
A060480,국일신동
A078130,국일제지
A307750,국전약품
A002720,국제약품
A243870,굿센
A035080,그래디언트
A204020,그리티
A402490,그린리소스
A114450,그린생명과학
A083420,그린케미칼
A186230,그린플러스
A014530,극동유화
A900070,글로벌에스엠
A204620,글로벌텍스프리
A019660,글로본
A014280,금강공업
A053260,금강철강
A008870,금비
A001570,금양
A282720,금양그린파워
A002990,금호건설
A011780,금호석유
A214330,금호에이치티
A001210,금호전기
A073240,금호타이어
A036190,금화피에스시
A049080,기가레인
A420770,기가비스
A035460,기산텔레콤
A092440,기신정기
A000270,기아
A024110,기업은행
A456700,길교이앤씨
A013700,까뮤이앤씨
A308100,까스텔바작
A004540,깨끗한나라
A407400,꿈비
A187790,나노
A286750,나노브릭
A121600,나노신소재
A247660,나노씨엠에스
A039860,나노엔텍
A091970,나노캠텍
A417010,나노팀
A244880,나눔테크
A405920,나라셀라
A288490,나라소프트
A051490,나라엠앤디
A137080,나래나노텍
A190510,나무가
A242040,나무기술
A089600,나스미디어
A293580,나우IB
A257990,나우코스
A138610,나이벡
A130580,나이스디앤비
A036800,나이스정보통신
A267320,나인테크
A001260,남광토건
A008350,남선알미늄
A004270,남성
A003920,남양유업
A025860,남해화학
A111710,남화산업
A091590,남화토건
A079180,내일신문
A168330,내츄럴엔도텍
A094860,네오리진
A253590,네오셈
A212560,네오오토
A095660,네오위즈
A042420,네오위즈홀딩스
A950220,네오이뮨텍
A311390,네오크레마
A085910,네오티스
A092730,네오팜
A290660,네오펙트
A306620,네온테크
A153460,네이블
A007390,네이처셀
A033640,네패스
A330860,네패스아크
A005720,넥센
A002350,넥센타이어
A089140,넥스턴바이오
A137940,넥스트아이
A396270,넥스트칩
A348210,넥스틴
A092790,넥스틸
A225570,넥슨게임즈
A217270,넵튠
A251270,넷마블
A298420,넷마블네오
A317860,노드메이슨
A104620,노랑풍선
A090350,노루페인트
A000320,노루홀딩스
A194700,노바렉스
A285490,노바텍
A283100,노보믹스
A229500,노브메타파마
A106520,노블엠앤비
A376930,노을
A006280,녹십자
A142280,녹십자엠에스
A234690,녹십자웰빙
A005250,녹십자홀딩스
A065560,녹원씨엔아이
A004370,농심
A072710,농심홀딩스
A054050,농우바이오
A069140,누리플랜
A040160,누리플렉스
A332290,누보
A348340,뉴로메카
A060260,뉴보텍
A012340,뉴인텍
A074750,뉴젠팜
A227680,뉴젠홀딩스
A214870,뉴지랩파마
A270870,뉴트리
A144960,뉴파워프라즈마
A085670,뉴프렉스
A064260,다날
A340360,다보링크
A015150,다산
A039560,다산네트웍스
A154040,다산솔루에타
A058730,다스코
A030210,다올투자증권
A023590,다우기술
A032190,다우데이타
A323350,다원넥스뷰
A068240,다원시스
A145210,다이나믹디자인
A019680,대교
A006370,대구백화점
A008060,대덕
A353200,대덕전자
A000490,대동
A178600,대동고려삼
A020400,대동금속
A008830,대동기어
A012350,대동모빌리티
A048470,대동스틸
A008110,대동전자
A004780,대륙제관
A005750,대림B&Co
A017650,대림제지
A006570,대림통상
A007720,대명소노시즌
A389260,대명에너지
A317850,대모
A026970,대백저축은행
A290670,대보마그네틱
A078140,대봉엘에스
A065150,대산F&B
A001680,대상
A084690,대상홀딩스
A036480,대성미생물
A128820,대성산업
A117580,대성에너지
A027830,대성창투
A104040,대성파인텍
A129920,대성하이텍
A016710,대성홀딩스
A438220,대신밸런스제13호스팩
A442310,대신밸런스제14호스팩
A457390,대신밸런스제15호스팩
A457630,대신밸런스제16호스팩
A471050,대신밸런스제17호스팩
A020180,대신정보통신
A003540,대신증권
A045390,대아티아이
A009190,대양금속
A108380,대양전기공업
A006580,대양제지
A252980,대영씨엔이
A014160,대영포장
A047040,대우건설
A009320,대우부품
A140320,대우산업개발
A003090,대웅
A069620,대웅제약
A007680,대원
A000430,대원강업
A048910,대원미디어
A005710,대원산업
A006340,대원전선
A003220,대원제약
A024890,대원화성
A290380,대유
A002880,대유에이텍
A000300,대유플러스
A120240,대정화금
A003310,대주산업
A114920,대주이엔티
A078600,대주전자재료
A008340,대주코레스
A012800,대창
A015230,대창단조
A096350,대창솔루션
A140520,대창스틸
A131220,대한과학
A010170,대한광통신
A054670,대한뉴팜
A001070,대한방직
A023910,대한약품
A006650,대한유화
A001440,대한전선
A084010,대한제강
A001790,대한제당
A001130,대한제분
A003490,대한항공
A005880,대한해운
A003830,대한화섬
A016090,대현
A069460,대호에이엘
A021040,대호특수강
A067080,대화제약
A298540,더네이쳐홀딩스
A032860,더라미
A192080,더블유게임즈
A393890,더블유씨피
A299170,더블유에스아이
A065310,더스텔라
A012510,더존비즈온
A224060,더코디
A302920,더콘텐츠온
A213420,덕산네오룩스
A317330,덕산테코피아
A077360,덕산하이메탈
A004830,덕성
A090410,덕신하우징
A024900,덕양산업
A263600,덕우전자
A446530,덕인
A194480,데브시스터즈
A263800,데이타솔루션
A199150,데이터스트림즈
A206560,덱스터
A261200,덴티스
A145720,덴티움
A227420,도부마스크
A067990,도이치모터스
A002150,도화엔지니어링
A006620,동구바이오제약
A100130,동국S&C
A005160,동국산업
A460850,동국씨엠
A075970,동국알앤에스
A460860,동국제강
A086450,동국제약
A001230,동국홀딩스
A023450,동남합성
A222070,동명스틸
A004140,동방
A099410,동방선기
A007590,동방아그로
A005960,동부건설
A026960,동서
A002210,동성제약
A102260,동성케미컬
A033500,동성화인텍
A025950,동신건설
A012760,동아
A000640,동아쏘시오홀딩스
A170900,동아에스티
A088130,동아엘텍
A028100,동아지질
A282690,동아타이어
A041930,동아화성
A001520,동양
A005900,동양건설산업
A084670,동양고속
A082640,동양생명
A060380,동양에스텍
A079960,동양이엔피
A008970,동양철관
A228340,동양파일
A092780,동양피스톤
A105700,동우당제약
A088910,동우팜투테이블
A094170,동운아나텍
A049770,동원F&B
A013120,동원개발
A018500,동원금속
A006040,동원산업
A030720,동원수산
A014820,동원시스템즈
A111380,동인기연
A163560,동일고무벨트
A109860,동일금속
A032960,동일기연
A004890,동일산업
A002690,동일제강
A023790,동일철강
A026710,동진건설
A005290,동진쎄미켐
A025900,동화기업
A000020,동화약품
A136790,동화일렉트로라이트
A433990,두루안
A000150,두산
A454910,두산로보틱스
A241560,두산밥캣
A034020,두산에너빌리티
A131970,두산테스나
A336260,두산퓨얼셀
A016740,두올
A013900,두원중공업
A073190,듀오백
A176750,듀켐바이오
A030350,드래곤플라이
A035430,드림라인
A203650,드림시큐리티
A223250,드림씨아이에스
A060570,드림어스컴퍼니
A362990,드림인사이트
A192650,드림텍
A043500,드림텍
A184560,디더블유미디어홀딩스
A217620,디딤이앤에프
A016670,디모아
A187870,디바이스이엔지
A101910,디비메탈
A066670,디스플레이텍
A024090,디씨엠
A003160,디아이
A092200,디아이씨
A110990,디아이티
A263690,디알젬
A214680,디알텍
A263720,디앤씨미디어
A376300,디어유
A109740,디에스케이
A196490,디에이테크놀로지
A066900,디에이피
A127120,디엔에이링크
A092070,디엔에프
A039840,디오
A013570,디와이
A219550,디와이디
A310870,디와이씨
A210540,디와이파워
A104460,디와이피엔에프
A079810,디이엔티
A113810,디젠스
A043360,디지아이
A197140,디지캡
A068930,디지털대성
A033130,디지틀조선
A105740,디케이락
A263020,디케이앤디
A290550,디케이티
A187220,디티앤씨
A383930,디티앤씨알오
A163430,디피코
A131180,딜리
A315640,딥노이드
A317120,라닉스
A042510,라온시큐어
A232680,라온테크
A418420,라온텍
A300120,라온피플
A171120,라이온켐텍
A388790,라이콤
A069540,라이트론
A347700,라이프시맨틱스
A214260,라파스
A403360,라피치
A115390,락앤락
A200350,래몽래인
A171010,램테크놀러지
A084650,랩지노믹스
A366130,랩토
A217500,러셀
A092590,럭스피아
A141080,레고켐바이오
A038390,레드캡투어
A294140,레몬
A443250,레뷰코퍼레이션
A228670,레이
A228850,레이언스
A412350,레이저쎌
A199550,레이저옵텍
A281740,레이크머티리얼즈
A277810,레인보우로보틱스
A179720,렌딩머신
A215100,로보로보
A090360,로보스타
A238500,로보쓰리에이아이앤로보틱스
A108490,로보티즈
A900260,로스웰
A223220,로지스몬
A067730,로지시스
A071280,로체시스템즈
A032350,롯데관광개발
A040830,롯데글로벌로지스
A089860,롯데렌탈
A000400,롯데손해보험
A023530,롯데쇼핑
A020150,롯데에너지머티리얼즈
A280360,롯데웰푸드
A004000,롯데정밀화학
A286940,롯데정보통신
A004990,롯데지주
A005300,롯데칠성
A011170,롯데케미칼
A071840,롯데하이마트
A328130,루닛
A038060,루멘스
A162120,루켄테크놀러지스
A253610,루트락
A060240,룽투코리아
A058470,리노공업
A019570,리더스 기술투자
A016100,리더스코스메틱
A328270,리독스바이오
A012700,리드코프
A302550,리메드
A073570,리튬포어스
A377450,리파인
A277070,린드먼아시아
A042500,링네트
A219420,링크제니시스
A439090,마녀공장
A027740,마니커
A195500,마니커에프앤지
A363170,마더스제약
A377480,마음AI
A050480,마이다스IT
A316640,마이지놈박스
A305090,마이크로디지탈
A448780,마이크로엔엑스
A098120,마이크로컨텍솔
A424980,마이크로투나노
A038290,마크로젠
A001080,만호제강
A078060,매일방송
A267980,매일유업
A005990,매일홀딩스
A093520,매커스
A377030,맥스트
A100590,머큐리
A067280,멀티캠퍼스
A072870,메가스터디
A215200,메가스터디교육
A133750,메가엠디
A102600,메가젠임플란트
A446540,메가터치
A235980,메드팩토
A200580,메디쎄이
A041920,메디아나
A233250,메디안디노스틱
A014100,메디앙스
A236340,메디젠휴먼케어
A054180,메디콕스
A086900,메디톡스
A078160,메디포스트
A065650,메디프론
A138040,메리츠금융지주
A408920,메쎄이상
A021880,메이슨캐피탈
A140410,메지온
A241770,메카로
A090370,메타랩스
A059210,메타바이오메드
A058110,멕아이씨에스
A017180,명문제약
A009900,명신산업
A012690,모나리자
A005360,모나미
A434480,모니터랩
A080420,모다이노칩
A417970,모델솔루션
A080160,모두투어
A087260,모바일어플라이언스
A101330,모베이스
A012860,모베이스전자
A363260,모비데이즈
A348030,모비릭스
A250060,모비스
A288980,모아데이타
A033200,모아텍
A333050,모코엠시스
A009680,모토닉
A118990,모트렉스
A006920,모헨즈
A009580,무림P&P
A001810,무림SP
A009200,무림페이퍼
A322970,무진메디
A033920,무학
A008420,문배철강
A279600,미디어젠
A080640,미라콤아이앤씨
A095500,미래나노텍
A254490,미래반도체
A025560,미래산업
A218150,미래생명자원
A007120,미래아이앤지
A442900,미래에셋드림스팩1호
A100790,미래에셋벤처투자
A412930,미래에셋비전스팩1호
A446190,미래에셋비전스팩2호
A448830,미래에셋비전스팩3호
A085620,미래에셋생명
A006800,미래에셋증권
A208890,미래엔에듀파트너
A049950,미래컴퍼니
A258000,미로
A207760,미스터블루
A002840,미원상사
A268280,미원에스씨
A107590,미원홀딩스
A134380,미원화학
A351020,미쥬
A003650,미창석유
A059090,미코
A214610,미코바이오메드
A201490,미투온
A418470,밀리의서재
A206640,바디텍메드
A018700,바른손
A035620,바른손이앤에이
A354390,바스칸바이오제약
A053030,바이넥스
A301300,바이브컴퍼니
A377740,바이오노트
A064550,바이오니아
A314930,바이오다인
A208710,바이오로그디바이스
A086820,바이오솔루션
A038460,바이오스마트
A298210,바이오스펙트럼
A251120,바이오에프디엔씨
A199730,바이오인프라
A266470,바이오인프라생명과학
A289170,바이오텐
A429600,바이오템
A086040,바이오톡스텍
A199290,바이오프로테크
A099430,바이오플러스
A032980,바이온
A308080,바이젠셀
A043150,바텍
A323990,박셀바이오
A003610,방림
A267790,배럴
A001340,백광산업
A046310,백금T&A
A035150,백산
A331520,밸로프
A438700,버넥트
A066410,버킷스튜디오
A002410,범양건영
A002480,범양사
A382900,범한퓨얼셀
A206400,베노티앤알
A019010,베뉴지
A322190,베른
A177350,베셀
A299910,베스파
A424760,벨로크
A007210,벽산
A225530,보광산업
A250000,보라티알
A002760,보락
A003850,보령
A310210,보로노이
A006910,보성파워텍
A237010,보아스에셋
A000890,보해양조
A226340,본느
A206950,볼빅
A003000,부광약품
A001270,부국증권
A026940,부국철강
A014470,부방
A011390,부산산업
A005030,부산주공
A008470,부스타
A228350,불스원
A338220,뷰노
A100120,뷰웍스
A406820,뷰티스킨
A337930,브랜드엑스코퍼레이션
A099390,브레인즈컴퍼니
A064480,브리지텍
A288330,브릿지바이오테라퓨틱스
A365900,브이씨
A251630,브이원텍
A018290,브이티
A044480,블레이드 Ent
A439580,블루엠텍
A033560,블루콤
A191600,블루탑
A369370,블리츠웨이
A126340,비나텍
A121800,비덴트
A148140,비디아이
A276620,비보존
A082800,비보존 제약
A318410,비비씨
A002070,비비안
A100220,비상교육
A419540,비스토스
A146320,비씨엔씨
A200780,비씨월드제약
A413640,비아이매트릭스
A141000,비아트론
A090460,비에이치
A083650,비에이치아이
A445360,비엔케이제1호스팩
A473370,비엔케이제2호스팩
A142760,비엘
A065170,비엘팜텍
A086220,비엘헬스케어
A086670,비엠티
A335890,비올
A230980,비유테크놀러지
A138580,비즈니스온
A082920,비츠로셀
A054220,비츠로시스
A042370,비츠로테크
A030790,비케이탑스
A050090,비케이홀딩스
A307870,비투엔
A357880,비트나인
A066870,비트로시스 농업회사법인
A032850,비트컴퓨터
A148780,비플라이소프트
A238200,비피도
A093190,빅솔론
A065450,빅텍
A210120,빅텐츠
A005180,빙그레
A072950,빛샘전자
A266170,뿌리깊은나무들
A143240,사람인
A280140,사우스케이프
A274460,사운드백신
A003960,사조대림
A008040,사조동아원
A007160,사조산업
A014710,사조씨푸드
A006090,사조오양
A452430,사피엔반도체
A419120,산돌
A122350,삼기
A419050,삼기이브이
A014970,삼륭물산
A018310,삼목에스폼
A002580,삼미
A012210,삼미금속
A053700,삼보모터스
A009620,삼보산업
A070080,삼보오토
A161990,삼보컴퓨터
A023600,삼보판지
A001470,삼부토건
A006400,삼성SDI
A006660,삼성공조
A018360,삼성메디슨
A028260,삼성물산
A207940,삼성바이오로직스
A032830,삼성생명
A425290,삼성스팩6호
A439250,삼성스팩7호
A448740,삼성스팩8호
A468510,삼성스팩9호
A018260,삼성에스디에스
A028050,삼성엔지니어링
A009150,삼성전기
A005930,삼성전자
A001360,삼성제약
A010140,삼성중공업
A016360,삼성증권
A068290,삼성출판사
A029780,삼성카드
A000810,삼성화재
A006110,삼아알미늄
A009300,삼아제약
A145990,삼양사
A003230,삼양식품
A225190,삼양옵틱스
A002170,삼양통상
A272550,삼양패키징
A000070,삼양홀딩스
A003720,삼영
A002810,삼영무역
A361670,삼영에스앤씨
A054540,삼영엠텍
A065570,삼영이엔씨
A005680,삼영전자
A023000,삼원강재
A004380,삼익THK
A002450,삼익악기
A032280,삼일
A002290,삼일기업공사
A004440,삼일씨엔에스
A000520,삼일제약
A009770,삼정펄프
A066190,삼중테크
A037460,삼지전자
A032750,삼진
A054090,삼진엘앤디
A005500,삼진제약
A000250,삼천당제약
A004690,삼천리
A024950,삼천리자전거
A038500,삼표시멘트
A017480,삼현철강
A010960,삼호개발
A046390,삼화네트웍스
A004450,삼화왕관
A009470,삼화전기
A011230,삼화전자
A001820,삼화콘덴서
A000390,삼화페인트
A027580,상보
A038540,상상인
A101000,상상인인더스트리
A415580,상상인제3호스팩
A452670,상상인제4호스팩
A001290,상상인증권
A041650,상신브레이크
A091580,상신이디피
A263810,상신전자
A089980,상아프론테크
A042940,상지카일룸
A042600,새로닉스
A075180,새론오토모티브
A107600,새빗켐
A411080,샌즈랩
A252990,샘씨엔에스
A007540,샘표
A248170,샘표식품
A378800,샤페론
A003260,서광
A294630,서남
A038070,서린바이오
A006730,서부T&D
A079650,서산
A100660,서암기계공업
A007860,서연
A200880,서연이화
A019770,서연탑메탈
A017390,서울가스
A279000,서울개인택시복지법인
A043710,서울리거
A092190,서울바이오시스
A046890,서울반도체
A004410,서울식품
A063170,서울옥션
A027040,서울전자통신
A018680,서울제약
A021050,서원
A093920,서원인텍
A189860,서전기전
A178320,서진시스템
A122690,서진오토모티브
A070340,서진캠
A140070,서플러스글로벌
A011370,서한
A065710,서호전기
A008490,서흥
A035890,서희건설
A357550,석경에이티
A003100,선광
A007610,선도전기
A067370,선바이오
A171090,선익시스템
A136490,선진
A086710,선진뷰티사이언스
A014620,성광벤드
A037350,성도이엔지
A014910,성문전자
A003080,성보화학
A004980,성신양회
A011300,성안
A081580,성우전자
A045300,성우테크론
A015750,성우하이텍
A015200,성원
A365340,성일하이텍
A000180,성창기업지주
A080470,성창오토텍
A043260,성호전자
A148150,세경하이테크
A002420,세기상사
A188260,세니젠
A053060,세동
A340440,세림B&G
A042380,세메스
A017510,세명전기
A004360,세방
A004490,세방전지
A011560,세보엠이씨
A267080,세븐브로이맥주
A396300,세아메카닉스
A001430,세아베스틸지주
A306200,세아제강
A003030,세아제강지주
A019440,세아특수강
A058650,세아홀딩스
A013000,세우글로벌
A100700,세운메디칼
A024830,세원물산
A091090,세원이앤씨
A021820,세원정공
A067830,세이브존I&C
A033530,세종공업
A258830,세종메디칼
A036630,세종텔레콤
A039310,세중
A075580,세진중공업
A067770,세진티에스
A053450,세코닉스
A222810,세토피아
A252500,세화피앤씨
A321370,센서뷰
A347000,센코
A331920,셀레믹스
A049180,셀루메드
A299660,셀리드
A268600,셀리버리
A108860,셀바스AI
A208370,셀바스헬스케어
A318160,셀바이오휴먼텍
A179690,셀인바이오
A258250,셀젠텍
A068270,셀트리온
A068760,셀트리온제약
A068940,셀피글로벌
A060230,소니드
A290690,소룩스
A950200,소마젠
A032680,소프트센
A258790,소프트캠프
A066910,손오공
A043100,솔고바이오
A336370,솔루스첨단소재
A248070,솔루엠
A035610,솔본
A357780,솔브레인
A036830,솔브레인홀딩스
A304100,솔트룩스
A328380,솔트웨어
A004430,송원산업
A086980,쇼박스
A050960,수산아이앤티
A126720,수산인더스트리
A017550,수산중공업
A084180,수성샐바시온
A253840,수젠텍
A185190,수프로
A298830,슈어소프트테크
A236200,슈프리마
A094840,슈프리마에이치큐
A192440,슈피겐코리아
A268030,스마트골프
A424960,스마트레이더시스템
A136510,스마트솔루션즈
A099440,스맥
A053210,스카이라이프
A033790,스카이문스테크놀로지
A276040,스코넥
A159910,스킨앤스킨
A115570,스타플렉스
A330730,스톤브릿지벤처스
A352090,스톰테크
A253450,스튜디오드래곤
A408900,스튜디오미르
A204630,스튜디오산타클로스
A415380,스튜디오삼익
A026890,스틱인베스트먼트
A013810,스페코
A227580,스포피드
A203690,스피어파워
A049830,승일
A020710,시공테크
A033170,시그네틱스
A048870,시너지이노베이션
A025320,시노펙스
A134790,시디즈
A269620,시스웍
A429270,시지트로닉스
A418250,시큐레터
A131090,시큐브
A232830,시큐센
A066290,시큐아이
A016590,신대양제지
A290520,신도기연
A029530,신도리코
A004970,신라교역
A001000,신라섬유
A025870,신라에스지
A215600,신라젠
A070480,신비앤텍
A065350,신성델타테크
A416180,신성에스티
A011930,신성이엔지
A005390,신성통상
A004170,신세계
A035510,신세계 I&C
A034300,신세계건설
A031430,신세계인터내셔날
A012580,신세계톰보이
A031440,신세계푸드
A006880,신송홀딩스
A162300,신스틸
A290560,신시웨이
A002800,신신제약
A472220,신영스팩10호
A419270,신영스팩7호
A430220,신영스팩8호
A445970,신영스팩9호
A002470,신영씨앤디
A005800,신영와코루
A001720,신영증권
A009270,신원
A017000,신원종합개발
A002700,신일전자
A012790,신일제약
A138070,신진에스엠
A226330,신테카바이오
A002870,신풍
A019170,신풍제약
A418210,신한제10호스팩
A452980,신한제11호스팩
A393360,신한제8호스팩
A405640,신한제9호스팩
A055550,신한지주
A056700,신화인터텍
A187270,신화콘텍
A004080,신흥
A243840,신흥에스이씨
A376910,실력산업
A257720,실리콘투
A222800,심텍
A036710,심텍홀딩스
A160980,싸이맥스
A356890,싸이버원
A217330,싸이토젠
A102280,쌍방울
A003410,쌍용C&E
A010280,쌍용정보통신
A004770,써니전자
A217320,썬테크
A208640,썸에이지
A222420,쎄노텍
A037760,쎄니트
A099320,쎄트렉아이
A049960,쎌바이오텍
A088280,쏘닉스
A403550,쏘카
A050890,쏠리드
A073960,씨브이네트
A109670,씨싸이트
A066790,씨씨에스
A222080,씨아이에스
A004920,씨아이테크
A236030,씨알푸드
A103660,씨앗
A352480,씨앤씨인터내셔널
A245450,씨앤에스링크
A032040,씨앤에스자산관리
A264660,씨앤지하이테크
A352700,씨앤투스
A297090,씨에스베어링
A112610,씨에스윈드
A900120,씨엑스아이
A359090,씨엔알리서치
A286000,씨엔티드림
A115530,씨엔플러스
A037340,씨엘인터내셔널
A115480,씨유메디칼
A340810,씨유박스
A376290,씨유테크
A189330,씨이랩
A096530,씨젠
A101240,씨큐브
A060590,씨티씨바이오
A308170,씨티알모빌리티
A260930,씨티케이
A052300,씨티프라퍼티
A041710,씽크풀
A013990,아가방컴퍼니
A123860,아나패스
A025980,아난티
A008700,아남전자
A192230,아리바이오
A058220,아리온
A125210,아모그린텍
A002790,아모레G
A090430,아모레퍼시픽
A357580,아모센스
A052710,아모텍
A074430,아미노로직스
A092040,아미코젠
A083930,아바코
A149950,아바텍
A036010,아비코전자
A002030,아세아
A183190,아세아시멘트
A002310,아세아제지
A050860,아세아텍
A012170,아센디오
A136410,아셈스
A246720,아스타
A067390,아스트
A159010,아스플로
A127710,아시아경제
A267850,아시아나IDT
A020560,아시아나항공
A154030,아시아종묘
A227610,아우딘퓨쳐스
A143160,아이디스
A031690,아이디스파워텔
A054800,아이디스홀딩스
A332370,아이디피
A122900,아이마켓코리아
A339950,아이비김영
A099190,아이센스
A289010,아이스크림에듀
A214430,아이쓰리시스템
A040910,아이씨디
A368600,아이씨에이치
A052860,아이앤씨
A010780,아이에스동서
A069920,아이에스이커머스
A038880,아이에이
A307180,아이엘사이언스
A101390,아이엠
A456570,아이엠지티
A451220,아이엠티
A447690,아이오바이오
A078860,아이오케이
A090150,아이윈
A123010,아이윈플러스
A031310,아이즈비전
A185490,아이진
A059100,아이컴포넌트
A149010,아이케이세미콘
A262840,아이퀘스트
A175250,아이큐어
A052460,아이크래프트
A119830,아이텍
A052770,아이톡시
A124500,아이티센
A372800,아이티아이즈
A084850,아이티엠반도체
A114840,아이패밀리에스씨
A027360,아주IB투자
A139990,아주스틸
A049410,아주엠씨엠
A032080,아즈텍WB
A013310,아진산업
A059120,아진엑스텍
A011400,아진카인텍
A158430,아톤
A149300,아퓨어스
A067160,아프리카TV
A102950,아하
A043720,안국바이오진단
A001540,안국약품
A053800,안랩
A251280,안지오랩
A065660,안트로젠
A297570,알로이스
A001780,알루코
A260660,알리코제약
A354320,알멕
A361570,알비더블유
A131370,알서포트
A140670,알에스오토메이션
A096610,알에프세미
A061040,알에프텍
A148250,알엔투테크놀로지
A347860,알체라
A196170,알테오젠
A123750,알톤스포츠
A085810,알티캐스트
A117670,알파홀딩스
A314140,알피바이오
A291650,압타머사이언스
A293780,압타바이오
A018250,애경산업
A161000,애경케미칼
A390110,애니메디솔루션
A196300,애니젠
A310200,애니플러스
A179530,애드바이오텍
A900100,애머릿지
A205500,액션스퀘어
A052790,액토즈소프트
A290740,액트로
A238090,앤디포스
A092600,앤씨앤
A129050,앤알커뮤니
A129890,앱코
A174900,앱클론
A255440,야스
A030960,양지사
A102120,어보브반도체
A263540,어스앤에어로스페이스
A238120,얼라인드
A224810,엄지하우스
A019990,에너토크
A011090,에넥스
A224850,에듀타운
A270660,에브리봇
A038680,에스넷
A137310,에스디바이오센서
A217480,에스디생명공학
A121890,에스디시스템
A118000,에스메디
A304360,에스바이오메딕스
A389500,에스비비테크
A042110,에스씨디
A298060,에스씨엠생명과학
A065420,에스아이리소스
A270210,에스알바이오텍
A103230,에스앤더블류
A260970,에스앤디
A101490,에스앤에스텍
A095910,에스에너지
A275630,에스에스알
A031330,에스에이엠티
A060540,에스에이티
A351320,에스에이티이엔지
A056190,에스에프에이
A080000,에스엔유
A005850,에스엘
A214310,에스엘에너지
A246250,에스엘에스바이오
A258540,에스엘테라퓨틱스
A041510,에스엠
A010580,에스엠벡셀
A299670,에스엠비나
A007820,에스엠코어
A109610,에스와이
A365330,에스와이스틸텍
A012750,에스원
A031860,에스유홀딩스
A306040,에스제이그룹
A217910,에스제이켐
A224020,에스케이씨에스
A457940,에스케이증권제10호스팩
A472230,에스케이증권제11호스팩
A435870,에스케이증권제8호스팩
A455910,에스케이증권제9호스팩
A096630,에스코넥
A114290,에스코어
A069510,에스텍
A041910,에스텍파마
A234300,에스트래픽
A039440,에스티아이
A098660,에스티오
A052020,에스티큐브
A237690,에스티팜
A050760,에스폴리텍
A288620,에스퓨얼셀
A036150,에스피반도체
A443670,에스피소프트
A317830,에스피시스템스
A058610,에스피지
A043340,에쎈테크
A023960,에쓰씨엔지니어링
A037890,에어미디어
A298690,에어부산
A187660,에이디엠코리아
A054630,에이디칩스
A200710,에이디테크놀로지
A096690,에이루트
A078520,에이블씨엔씨
A298380,에이비엘바이오
A203400,에이비온
A195990,에이비프로바이오
A003800,에이스침대
A088800,에이스테크
A241840,에이스토리
A311960,에이아이더뉴트리진
A453860,에이에스텍
A300900,에이에이아이헬스케어
A312610,에이에프더블류
A015260,에이엔피
A172670,에이엘티
A234070,에이원알폼
A445090,에이직랜드
A001890,에이치디씨영창
A072990,에이치시티
A227100,에이치앤비디자인
A044990,에이치엔에스하이텍
A239610,에이치엘사이언스
A462020,에이치엠씨제6호스팩
A148930,에이치와이티씨
A044780,에이치케이
A357230,에이치피오
A355690,에이텀
A071670,에이테크솔루션
A045660,에이텍
A224110,에이텍모빌리티
A021080,에이티넘인베스트
A089530,에이티세미콘
A200470,에이팩트
A207490,에이펙스인텍
A262260,에이프로
A007460,에이프로젠
A109960,에이프로젠 H&G
A003060,에이프로젠바이오로직스
A397030,에이프릴바이오
A141110,에이플러스라이프
A244920,에이플러스에셋
A278470,에이피알
A089970,에이피티씨
A230240,에치에프알
A230360,에코마케팅
A038870,에코바이오
A097780,에코볼트
A448280,에코아이
A101360,에코앤드림
A128540,에코캡
A086520,에코프로
A450080,에코프로머티
A247540,에코프로비엠
A383310,에코프로에이치엔
A038110,에코플라스틱
A073540,에프알텍
A064850,에프앤가이드
A036810,에프에스티
A173940,에프엔씨엔터
A083500,에프엔에스테크
A446440,에피바이오텍
A054940,엑사이엔씨
A043090,엑서지21
A950130,엑세스바이오
A205100,엑셈
A356680,엑스게이트
A070300,엑스큐어
A317770,엑스페릭스
A092870,엑시콘
A236010,엔드림
A317870,엔바이오니아
A067570,엔브이에이치코리아
A236810,엔비티
A140610,엔솔바이오사이언스
A333620,엔시스
A101400,엔시트론
A036570,엔씨소프트
A238170,엔에스엠
A224760,엔에스컴퍼니
A391060,엔에이치스팩20호
A422040,엔에이치스팩23호
A437780,엔에이치스팩24호
A438580,엔에이치스팩25호
A439410,엔에이치스팩26호
A440820,엔에이치스팩27호
A451700,엔에이치스팩29호
A466910,엔에이치스팩30호
A265740,엔에프씨
A354200,엔젠바이오
A419080,엔젯
A093510,엔지브이아이
A208860,엔지스테크널러지
A183490,엔지켐생명과학
A085310,엔케이
A182400,엔케이맥스
A348370,엔켐
A068420,엔터미디어
A058450,엔터파트너즈
A069410,엔텔스
A227950,엔투텍
A291230,엔피
A198080,엔피디
A048830,엔피케이
A096870,엘디티
A276240,엘리비젼
A900140,엘브이엠씨홀딩스
A290650,엘앤씨바이오
A066970,엘앤에프
A156100,엘앤케이바이오
A190410,엘에스아이앤디
A311060,엘에이티
A073110,엘엠에스
A083310,엘오티베큠
A037950,엘컴텍
A011870,엘티삼보
A170920,엘티씨
A058630,엠게임
A058970,엠로
A019590,엠벤처투자
A169330,엠브레인
A008120,엠소닉
A097520,엠씨넥스
A373170,엠아이큐브솔루션
A179290,엠아이텍
A009780,엠에스씨
A123040,엠에스오토텍
A323230,엠에프엠코리아
A032790,엠젠솔루션
A046290,엠캐피탈
A033160,엠케이전자
A206300,엠텍비젼
A347890,엠투아이
A033310,엠투엔
A259630,엠플러스
A060850,영림원소프트랩
A014440,영보화학
A143540,영우디에스피
A111770,영원무역
A009970,영원무역홀딩스
A003520,영진약품
A000670,영풍
A036560,영풍정밀
A006740,영풍제지
A012280,영화금속
A265560,영화테크
A012160,영흥
A036000,예림당
A250930,예선테크
A053280,예스24
A015360,예스코홀딩스
A122640,예스티
A900300,오가닉티코스메틱
A212310,오건에코텍
A045060,오공
A080520,오디텍
A007310,오뚜기
A039830,오로라
A322310,오로스테크놀로지
A046120,오르비텍
A014940,오리엔탈정공
A002630,오리엔트바이오
A038520,오리엔트전자
A065500,오리엔트정공
A271560,오리온
A001800,오리온홀딩스
A010470,오리콤
A417860,오브젠
A352910,오비고
A053980,오상자이엘
A036220,오상헬스케어
A052420,오성첨단소재
A241790,오션브릿지
A039200,오스코텍
A226400,오스테오닉
A031510,오스템
A368970,오에스피
A138080,오이솔루션
A080580,오킨스전자
A067170,오텍
A353590,오토앤
A173130,오파스넷
A440320,오픈놀
A049480,오픈베이스
A394280,오픈엣지테크놀로지
A309930,오하임앤컴퍼니
A244460,올리패스
A226950,올릭스
A057540,옴니시스템
A131030,옵투스제약
A082210,옵트론텍
A109080,옵티시스
A380540,옵티코어
A153710,옵티팜
A321820,와이더플래닛
A114750,와이디생명과학
A432430,와이랩
A338840,와이바이오로직스
A122990,와이솔
A112290,와이씨켐
A232140,와이아이케이
A065530,와이어블
A067900,와이엔텍
A007530,와이엠
A155650,와이엠씨
A273640,와이엠텍
A251370,와이엠티
A066430,와이오엠
A193250,와이제이엠게임즈
A096250,와이즈넛
A273060,와이즈버즈
A354180,와이즈에이아이
A019210,와이지-원
A122870,와이지엔터테인먼트
A011690,와이투솔루션
A332570,와이팜
A079000,와토스코리아
A110030,완도전복
A070960,용평리조트
A403490,우듬지팜
A316140,우리금융지주
A032820,우리기술
A041190,우리기술투자
A115440,우리넷
A046970,우리로
A082850,우리바이오
A215360,우리산업
A072470,우리산업홀딩스
A073560,우리손에프앤지
A037400,우리엔터프라이즈
A153490,우리이앤엘
A101170,우림피티에스
A006980,우성
A066590,우수AMS
A017370,우신시스템
A103840,우양
A101970,우양에이치씨
A046940,우원개발
A215380,우정바이오
A065680,우주일렉트로
A105840,우진
A018620,우진비앤지
A010400,우진아이엔에스
A457550,우진엔텍
A049800,우진플라임
A016880,웅진
A095720,웅진씽크빅
A396470,워트
A005820,원림
A307280,원바이오젠
A032940,원익
A240810,원익IPS
A074600,원익QnC
A104830,원익머트리얼즈
A014190,원익큐브
A217820,원익피앤이
A030530,원익홀딩스
A012620,원일특강
A382840,원준
A336570,원텍
A376980,원티드랩
A122830,원포유
A008370,원풍
A008290,원풍물산
A101160,월덱스
A064090,웨스트라이즈
A336060,웨이버스
A095270,웨이브일렉트로
A010600,웰바이오텍
A065950,웰크론
A076080,웰크론한텍
A043590,웰킵스하이텍
A196700,웹스
A069080,웹젠
A053580,웹케시
A071460,위니아
A377460,위니아에이드
A044340,위닉스
A330350,위더스제약
A348350,위드텍
A112040,위메이드
A101730,위메이드맥스
A123420,위메이드플레이
A065370,위세아이텍
A140660,위월드
A038620,위즈코프
A299900,위지윅스튜디오
A036090,위지트
A136540,윈스
A320000,윈텍
A097800,윈팩
A192390,윈하이텍
A313760,윌링스
A008600,윌비스
A335870,윙스풋
A900340,윙입푸드
A033270,유나이티드제약
A014830,유니드
A446070,유니드비티플러스
A036200,유니셈
A018000,유니슨
A000910,유니온
A047400,유니온머티리얼
A203450,유니온커뮤니티
A011330,유니켐
A077500,유니퀘스트
A011320,유니크
A086390,유니테스트
A241690,유니테크노
A063180,유니텍
A142210,유니트론텍
A121060,유니포인트
A048430,유라테크
A206650,유바이오로직스
A089850,유비벨록스
A084440,유비온
A032620,유비케어
A264450,유비쿼스
A078070,유비쿼스홀딩스
A002920,유성기업
A024800,유성티엔에스
A000700,유수홀딩스
A054930,유신
A069330,유아이디
A049520,유아이엘
A435380,유안타제10호스팩
A444920,유안타제11호스팩
A446150,유안타제12호스팩
A449020,유안타제13호스팩
A450940,유안타제14호스팩
A473050,유안타제15호스팩
A430700,유안타제9호스팩
A003470,유안타증권
A263770,유에스티
A337840,유엑스엔
A072130,유엔젤
A000220,유유제약
A388720,유일로보틱스
A340930,유일에너테크
A023410,유진기업
A056080,유진로봇
A468760,유진스팩10호
A388800,유진스팩7호
A413630,유진스팩8호
A442130,유진스팩9호
A084370,유진테크
A240600,유진테크놀로지
A001200,유진투자증권
A221800,유투바이오
A179900,유티아이
A263050,유틸렉스
A000100,유한양행
A003460,유화증권
A191410,육일씨엔에쓰
A372170,윤성에프앤씨
A146060,율촌
A008730,율촌화학
A072770,율호
A008250,이건산업
A039020,이건홀딩스
A025820,이구산업
A067920,이글루
A044960,이글벳
A303530,이노뎁
A296640,이노룰스
A302430,이노메트리
A279060,이노벡스
A214320,이노션
A274400,이노시뮬레이션
A056090,이노시스
A073490,이노와이어리스
A215790,이노인스트루먼트
A344860,이노진
A246960,이노테라피
A088390,이녹스
A272290,이녹스첨단소재
A053350,이니텍
A452400,이닉스
A041520,이라이콤
A264850,이랜시스
A054210,이랜텍
A141690,이레테크
A164060,이루다
A065440,이루온
A139480,이마트
A010090,이마트에브리데이
A115610,이미지스
A078020,이베스트투자증권
A131400,이브이첨단소재
A419700,이브이파킹서비스
A208850,이비테크
A351330,이삭엔지니어링
A080010,이상네트웍스
A379390,이성씨엔아이
A457190,이수스페셜티케미컬
A086890,이수앱지스
A007660,이수페타시스
A005950,이수화학
A015020,이스타코
A047560,이스트소프트
A900110,이스트아시아홀딩스
A067010,이씨에스
A093230,이아이디
A341310,이앤에치
A418620,이에이트
A102710,이엔에프테크놀로지
A074610,이엔플러스
A063760,이엘피
A123570,이엠넷
A083470,이엠앤아이
A095190,이엠코리아
A091120,이엠텍
A232530,이엠티
A102460,이연제약
A039030,이오테크닉스
A294090,이오플로우
A088290,이원컴포텍
A084680,이월드
A181340,이즈미디어
A353810,이지바이오
A099750,이지케어텍
A377330,이지트로닉스
A035810,이지홀딩스
A160600,이큐셀
A092130,이크레더블
A096040,이트론
A134060,이퓨쳐
A001840,이화공영
A000760,이화산업
A024810,이화전기
A376580,익수제약
A014990,인디에프
A041830,인바디
A352940,인바이오
A101140,인바이오젠
A216400,인바이츠바이오코아
A079950,인베니아
A389470,인벤티지랩
A277410,인산가
A060150,인선이엔티
A033230,인성정보
A450520,인스웨이브시스템즈
A006490,인스코비
A037330,인지디스플레
A100030,인지소프트
A023800,인지컨트롤스
A034590,인천도시가스
A211050,인카금융서비스
A083640,인콘
A216050,인크로스
A049070,인탑스
A119610,인터로조
A017250,인터엠
A129260,인터지스
A051370,인터플렉스
A064290,인텍플러스
A189300,인텔리안테크
A150840,인트로메딕
A048530,인트론바이오
A023810,인팩
A175140,인포마크
A115310,인포바인
A039290,인포뱅크
A071200,인피니트헬스케어
A101930,인화정공
A249420,일동제약
A000230,일동홀딩스
A013360,일성건설
A003120,일성신약
A333430,일승
A068330,일신바이오
A003200,일신방직
A007110,일신석재
A007570,일양약품
A178780,일월지엠엘
A008500,일정실업
A019540,일지테크
A081000,일진다이아
A020760,일진디스플
A103590,일진전기
A094820,일진파워
A271940,일진하이솔루스
A015860,일진홀딩스
A226320,잇츠한불
A950140,잉글우드랩
A049550,잉크테크
A389020,자람테크놀로지
A254120,자비스
A043910,자연과환경
A234920,자이글
A289220,자이언트스텝
A317400,자이에스앤디
A140310,자일자동차
A033240,자화전자
A090120,잘만테크
A174880,장원테크
A049630,재영솔루텍
A417840,저스템
A000950,전방
A110020,전진바이오팜
A208140,정다운
A040420,정상제이엘에스
A045510,정원엔시스
A217190,제너셈
A095700,제넥신
A072520,제넨바이오
A122310,제노레이
A361390,제노코
A066830,제노텍
A187420,제노포커스
A225220,제놀루션
A123330,제닉
A159580,제로투세븐
A147830,제룡산업
A033100,제룡전기
A079370,제우스
A054950,제이브이엠
A023440,제이스코홀딩스
A090470,제이스텍
A287410,제이시스메디칼
A137950,제이씨케미칼
A033320,제이씨현시스템
A417500,제이아이테크
A104690,제이앤드
A204270,제이앤티씨
A194370,제이에스코퍼레이션
A026040,제이에스티나
A452160,제이엔비
A126880,제이엔케이히터
A322510,제이엘케이
A254160,제이엠멀티
A033050,제이엠아이
A094970,제이엠티
A418550,제이오
A025620,제이준코스메틱
A089790,제이티
A030000,제일기획
A052670,제일바이오
A271980,제일약품
A001560,제일연마
A199820,제일전기공업
A038010,제일테크노스
A002620,제일파마홀딩스
A033480,제주국제컨벤
A276730,제주맥주
A080220,제주반도체
A006220,제주은행
A089590,제주항공
A216080,제테마
A229000,젠큐릭스
A248020,젬
A082270,젬백스
A064800,젬백스링크
A044060,조광ILI
A004910,조광페인트
A004700,조광피혁
A001550,조비
A462520,조선내화
A120030,조선선재
A034940,조아제약
A067000,조이시티
A065050,조인트리
A018470,조일알미늄
A002600,조흥
A185750,종근당
A063160,종근당바이오
A001630,종근당홀딩스
A033340,좋은사람들
A036930,주성엔지니어링
A109070,주성코퍼레이션
A044380,주연테크
A239340,줌인터넷
A072020,중앙백신
A000440,중앙에너비스
A051980,중앙첨단소재
A228760,지노믹트리
A314130,지놈앤컴퍼니
A013890,지누스
A389030,지니너스
A043610,지니뮤직
A263860,지니언스
A303030,지니틱스
A036180,지더블유바이텍
A208350,지란지교시큐리티
A289860,지슨
A144510,지씨셀
A358570,지아이이노베이션
A382480,지아이텍
A382800,지앤비에스 에코
A299480,지앤이헬스케어
A051160,지어소프트
A037640,지에스엔텍
A166220,지에스엘
A053050,지에스이
A388610,지에프씨생명과학
A119850,지엔씨에너지
A065060,지엔코
A204840,지엘팜텍
A013870,지엠비코리아
A071320,지역난방공사
A270520,지오릿에너지
A311320,지오엘리먼트
A388050,지투파워
A219750,지티지웰니스
A088790,진도
A018120,진로발효
A109820,진매트릭스
A086060,진바이오텍
A036890,진성티이씨
A363250,진시스템
A003780,진양산업
A007370,진양제약
A010640,진양폴리
A100250,진양홀딩스
A051630,진양화학
A272450,진에어
A285800,진영
A011000,진원생명과학
A250030,진코스텍
A002780,진흥기업
A233990,질경이
A085660,차바이오텍
A261780,차백신연구소
A009310,참엔지니어링
A094850,참좋은여행
A004650,창해에탄올
A278280,천보
A000650,천일고속
A001490,천지산업
A362320,청담글로벌
A012600,청호ICT
A066360,체리부로
A033250,체시스
A047820,초록뱀미디어
A094360,칩스앤미디어
A016790,카나리아바이오
A016920,카스
A284620,카이노스메드
A446600,카이바이오텍
A035720,카카오
A293490,카카오게임즈
A323410,카카오뱅크
A377300,카카오페이
A042000,카페24
A006380,카프로
A317530,캐리소프트
A071850,캐스텍코리아
A050110,캠시스
A452300,캡스톤파트너스
A119860,커넥트웨이브
A223310,커머스마이너
A451760,컨텍
A900310,컬러레이
A078340,컴투스
A063080,컴투스홀딩스
A307930,컴퍼니케이
A079190,케스피온
A263700,케어랩스
A214370,케어젠
A052920,케어캠프
A087800,케이디비생명
A221980,케이디켐
A038530,케이바이오
A001620,케이비아이동국실업
A424140,케이비제21호스팩
A436530,케이비제22호스팩
A192250,케이사인
A029460,케이씨
A115500,케이씨에스
A281820,케이씨텍
A089150,케이씨티
A025880,케이씨피드
A093320,케이아이엔엑스
A040100,케이아이티
A093640,케이알엠
A049500,케이알투자증권
A073010,케이에스피
A105330,케이엔더블유
A053080,케이엔솔
A199430,케이엔알시스템
A432470,케이엔에스
A272110,케이엔제이
A039420,케이엘넷
A083550,케이엠
A032500,케이엠더블유
A225430,케이엠제약
A102370,케이옥션
A068100,케이웨더
A381970,케이카
A036030,케이티알파
A064820,케이프
A256940,케이피에스
A024880,케이피에프
A042040,케이피엠테크
A054410,케이피티유
A258610,케일럼
A274090,켄코아에어로스페이스
A402420,켈스
A089010,켐트로닉스
A220260,켐트로스
A176590,코나솔
A052400,코나아이
A402030,코난테크놀로지
A391710,코닉오토메이션
A046070,코다코
A047770,코데즈컴바인
A080530,코디
A104540,코렌텍
A040470,코리아2000
A027050,코리아나
A020920,코리아로터리
A007810,코리아써키트
A190650,코리아에셋투자증권
A123410,코리아에프티
A003690,코리안리
A036690,코맥스
A049430,코메론
A183300,코미코
A041960,코미팜
A089890,코세스
A009730,코센
A360350,코셈
A189350,코셋
A082660,코스나인
A192820,코스맥스
A044820,코스맥스비티아이
A222040,코스맥스엔비티
A241710,코스메카코리아
A005070,코스모신소재
A005420,코스모화학
A355150,코스텍시스
A169670,코스텍시스템
A094930,코스텔
A071950,코아스
A166480,코아스템켐온
A045970,코아시아
A196450,코아시아씨엠
A384470,코어라인소프트
A099620,코엔스
A029960,코엔텍
A002020,코오롱
A003070,코오롱글로벌
A450140,코오롱모빌리티그룹
A102940,코오롱생명과학
A120110,코오롱인더
A950160,코오롱티슈진
A138490,코오롱플라스틱
A021240,코웨이
A033290,코웰패션
A056360,코위버
A282880,코윈테크
A121850,코이즈
A146930,코잇
A448710,코츠테크놀로지
A015710,코콤
A052330,코텍
A322780,코퍼스코리아
A036420,콘텐트리중앙
A200130,콜마비앤에이치
A031820,콤텍시스템
A294570,쿠콘
A192400,쿠쿠홀딩스
A284740,쿠쿠홈시스
A317690,퀀타매트릭스
A078940,퀀타피아
A432720,퀄리타스반도체
A456190,큐라켐
A365270,큐라클
A348080,큐라티스
A086460,큐러블
A060280,큐렉소
A372320,큐로셀
A040350,큐로컴
A051780,큐로홀딩스
A115180,큐리언트
A445680,큐리옥스바이오시스템즈
A182360,큐브엔터
A405100,큐알티
A066310,큐에스아이
A136660,큐엠씨
A016600,큐캐피탈
A355390,크라우드웍스
A264900,크라운제과
A005740,크라운해태홀딩스
A259960,크래프톤
A096240,크레버스
A215570,크로넥스
A110790,크리스에프앤씨
A900250,크리스탈신소재
A045520,크린앤사이언스
A036170,클라우드에어
A214150,클래시스
A352770,클리노믹스
A237880,클리오
A139670,키네마스터
A020120,키다리스튜디오
A413600,키움제6호스팩
A433530,키움제7호스팩
A446840,키움제8호스팩
A039490,키움증권
A054780,키이스트
A336040,타스컴
A219130,타이거일렉
A346010,타이드
A318660,타임기술
A434190,탈로스
A360070,탑머티리얼
A180060,탑선
A065130,탑엔지니어링
A134580,탑코미디어
A014580,태경비케이
A015890,태경산업
A006890,태경케미컬
A023160,태광
A003240,태광산업
A011280,태림포장
A323280,태성
A053620,태양
A052960,태양3C
A004100,태양금속
A116100,태양기계
A009410,태영건설
A044490,태웅
A124560,태웅로직스
A001420,태원물산
A007980,태평양물산
A191420,테고사이언스
A073640,테라사이언스
A066700,테라젠이텍스
A095610,테스
A055490,테이팩스
A308700,테크엔
A064520,테크엘
A089030,테크윙
A258050,테크트랜스
A054450,텔레칩스
A078000,텔코웨어
A200230,텔콘RF제약
A214420,토니모리
A393210,토마토시스템
A215480,토박스코리아
A051360,토비스
A045340,토탈소프트
A108230,톱텍
A363230,투니플레이
A079970,투비소프트
A061610,투에버
A199800,툴젠
A417790,트루엔
A105550,트루윈
A290090,트윔
A026150,특수건설
A322180,티라유텍
A117730,티로보틱스
A072610,티맥스소프트
A033830,티비씨
A057680,티사이언티픽
A204610,티쓰리
A064760,티씨케이
A246710,티앤알바이오팹
A340570,티앤엘
A043220,티에스넥스젠
A277880,티에스아이
A131290,티에스이
A019180,티에이치엔
A425420,티에프이
A131100,티엔엔터테인먼트
A356860,티엘비
A062860,티엘아이
A413300,티엘엔지니어링
A363280,티와이홀딩스
A321550,티움바이오
A091810,티웨이항공
A004870,티웨이홀딩스
A425040,티이엠씨
A104480,티케이케미칼
A081150,티플랙스
A130740,티피씨글로벌
A217880,틸론
A084730,팅크웨어
A058530,파나케이아
A440110,파두
A034230,파라다이스
A033540,파라텍
A388870,파로스아이바이오
A043200,파루
A214450,파마리서치
A217950,파마리서치바이오
A208340,파멥신
A005690,파미셀
A177830,파버나인
A037070,파세코
A150900,파수
A037030,파워넷
A047310,파워로직스
A266870,파워풀엑스
A368770,파이버프로
A170790,파이오링크
A049120,파인디앤씨
A038950,파인디지털
A441270,파인엠텍
A106240,파인테크닉스
A131760,파인텍
A065690,파커스
A140860,파크시스템스
A091700,파트론
A202960,판도라티비
A032800,판타지오
A318010,팜스빌
A036580,팜스코
A027710,팜스토리
A004720,팜젠사이언스
A225590,패션플랫폼
A054300,팬스타엔터프라이즈
A068050,팬엔터테인먼트
A028670,팬오션
A222110,팬젠
A271830,팸텍
A010820,퍼스텍
A016800,퍼시스
A263750,펄어비스
A251970,펌텍코리아
A001020,페이퍼코리아
A327610,펨토바이오메드
A168360,펨트론
A087010,펩트론
A090080,평화산업
A010770,평화홀딩스
A168570,포겟
A119500,포메탈
A389140,포바이포
A105760,포스뱅크
A022100,포스코DX
A058430,포스코스틸리온
A009520,포스코엠텍
A025100,포스코이앤씨
A047050,포스코인터내셔널
A003670,포스코퓨처엠
A189690,포시에스
A045020,포앤티
A318020,포인트모바일
A256630,포인트엔지니어링
A331380,포커스에이치엔에스
A472850,폰드그룹
A039980,폴라리스AI
A234100,폴라리스세원
A041020,폴라리스오피스
A114630,폴라리스우노
A290720,푸드나무
A005670,푸드웰
A094940,푸른기술
A007330,푸른저축은행
A017810,풀무원
A093380,풍강
A023900,풍국주정
A103140,풍산
A005810,풍산홀딩스
A371950,풍원정밀
A370090,퓨런티어
A445180,퓨릿
A341170,퓨쳐메디신
A220100,퓨쳐켐
A035200,프럼파스트
A334970,프레스티지바이오로직스
A950210,프레스티지바이오파마
A321260,프로이천
A296160,프로젠
A053610,프로텍
A303360,프로티아
A377220,프롬바이오
A335810,프리시젼바이오
A053160,프리엠스
A060910,프리젠
A405000,플라즈맵
A041590,플래스크
A367000,플래티어
A075130,플랜티넷
A222670,플럼라인생명과학
A009810,플레이그램
A237820,플레이디
A023770,플레이위드
A300080,플리토
A150440,피노텍
A032580,피델릭스
A051380,피씨디렉트
A241820,피씨엘
A237750,피앤씨테크
A319660,피에스케이
A031980,피에스케이홀딩스
A002230,피에스텍
A057880,피에이치씨
A043370,피에이치에이
A239890,피엔에이치테크
A347740,피엔케이피부임상연구센타
A137400,피엔티
A257370,피엔티엠에스
A147760,피엠티
A128660,피제이메탈
A006140,피제이전자
A084820,피케이밸브앤엔지니어링
A376180,피코그램
A304840,피플바이오
A062970,피피아이
A087600,픽셀플러스
A291810,핀텔
A130480,핀플넷
A378340,필에너지
A161580,필옵틱스
A347770,핌스
A163730,핑거
A417180,핑거스토리
A446750,하나26호스팩
A448370,하나27호스팩
A454750,하나28호스팩
A454640,하나29호스팩
A469880,하나30호스팩
A469900,하나31호스팩
A406760,하나금융21호스팩
A418170,하나금융22호스팩
A430230,하나금융24호스팩
A435620,하나금융25호스팩
A086790,하나금융지주
A299030,하나기술
A067310,하나마이크론
A166090,하나머티리얼즈
A293480,하나제약
A039130,하나투어
A136480,하림
A003380,하림지주
A049130,하우리
A101670,하이드로리튬
A365590,하이딥
A149980,하이로닉
A013030,하이록코리아
A352820,하이브
A126700,하이비젼시스템
A106080,하이소닉
A071090,하이스틸
A400840,하이제7호스팩
A450050,하이제8호스팩
A221840,하이즈항공
A106190,하이텍팜
A030010,하이투자증권
A019490,하이트론
A000080,하이트진로
A000140,하이트진로홀딩스
A373200,하인크코리아
A066130,하츠
A004590,한국가구
A036460,한국가스공사
A039340,한국경제TV
A005430,한국공항
A401120,한국금시장그룹
A071050,한국금융지주
A034950,한국기업평가
A010040,한국내화
A025540,한국단자
A222980,한국맥널티
A010100,한국무브넥스
A331660,한국미라클피플사
A256840,한국비엔씨
A004090,한국석유
A025550,한국선재
A002200,한국수출포장
A002960,한국쉘석유
A017890,한국알콜
A000240,한국앤컴퍼니
A054190,한국우사회
A080720,한국유니온제약
A123890,한국자산신탁
A015760,한국전력
A063570,한국전자금융
A041460,한국전자인증
A006200,한국전자홀딩스
A101680,한국정밀기계
A039740,한국정보공학
A053300,한국정보인증
A025770,한국정보통신
A436610,한국제11호스팩
A458610,한국제12호스팩
A464440,한국제13호스팩
A027970,한국제지
A023350,한국종합기술
A025890,한국주강
A000970,한국주철관
A241140,한국지네틱바이오팜
A104700,한국철강
A017960,한국카본
A023760,한국캐피탈
A054040,한국컴퓨터
A161890,한국콜마
A024720,한국콜마홀딩스
A021650,한국큐빅
A161390,한국타이어앤테크놀로지
A053590,한국테크놀로지
A034830,한국토지신탁
A007280,한국특강
A032300,한국파마
A037230,한국팩키지
A448900,한국피아이엠
A047810,한국항공우주
A123690,한국화장품
A003350,한국화장품제조
A030520,한글과컴퓨터
A052600,한네트
A011500,한농화성
A002390,한독
A256150,한독크린텍
A092460,한라IMS
A053690,한미글로벌
A042700,한미반도체
A008930,한미사이언스
A128940,한미약품
A452190,한빛레이저
A047080,한빛소프트
A009240,한샘
A452280,한선엔지니어링
A020000,한섬
A003680,한성기업
A066980,한성크린텍
A105630,한세실업
A069640,한세엠케이
A016450,한세예스24홀딩스
A010420,한솔PNS
A009180,한솔로지스틱스
A114810,한솔아이원스
A070590,한솔인티큐브
A213500,한솔제지
A014680,한솔케미칼
A004710,한솔테크닉스
A004150,한솔홀딩스
A025750,한솔홈데코
A226440,한송네오텍
A042520,한스바이오메드
A004960,한신공영
A011700,한신기계
A430690,한싹
A008690,한양
A078350,한양디지텍
A045100,한양이엔지
A001750,한양증권
A018880,한온시스템
A009420,한올바이오파마
A091440,한울소재과학
A014130,한익스프레스
A024740,한일단조
A005860,한일사료
A300720,한일시멘트
A123840,한일진공
A002220,한일철강
A006390,한일현대시멘트
A003300,한일홀딩스
A007770,한일화학
A051600,한전KPS
A052690,한전기술
A130660,한전산업
A198940,한주라이트메탈
A107640,한중엔시에스
A002320,한진
A003480,한진중공업홀딩스
A180640,한진칼
A005110,한창
A079170,한창산업
A009460,한창제지
A372910,한컴라이프케어
A054920,한컴위드
A002680,한탑
A000880,한화
A452260,한화갤러리아
A088350,한화생명
A000370,한화손해보험
A009830,한화솔루션
A272210,한화시스템
A012450,한화에어로스페이스
A042660,한화오션
A003530,한화투자증권
A386580,한화플러스제2호스팩
A430460,한화플러스제3호스팩
A455310,한화플러스제4호스팩
A195870,해성디에스
A034810,해성산업
A076610,해성옵틱스
A059270,해성티피씨
A058480,해원에스티
A101530,해태제과식품
A220180,핸디소프트
A143210,핸즈코퍼레이션
A900270,헝셩그룹
A214180,헥토이노베이션
A234340,헥토파이낸셜
A084990,헬릭스미스
A000720,현대건설
A170030,현대공업
A453340,현대그린푸드
A086280,현대글로비스
A064350,현대로템
A079430,현대리바트
A012330,현대모비스
A319400,현대무벡스
A010620,현대미포조선
A048410,현대바이오
A052260,현대바이오랜드
A069960,현대백화점
A004560,현대비앤지스틸
A075120,현대아산
A004310,현대약품
A041440,현대에버다임
A039010,현대에이치티
A017800,현대엘리베이
A307950,현대오토에버
A011210,현대위아
A090850,현대이지웰
A004020,현대제철
A005440,현대지에프홀딩스
A005380,현대차
A001500,현대차증권
A011760,현대코퍼레이션
A227840,현대코퍼레이션홀딩스
A126560,현대퓨처넷
A001450,현대해상
A057050,현대홈쇼핑
A460930,현대힘스
A092300,현우산업
A138360,협진
A011080,형지I&C
A093240,형지엘리트
A003010,혜인
A111110,호전실업
A008770,호텔신라
A060560,홈센타홀딩스
A064240,홈캐스트
A039610,화성밸브
A002460,화성산업
A378850,화승알앤에이
A241590,화승엔터프라이즈
A006060,화승인더
A013520,화승코퍼레이션
A010690,화신
A126640,화신정공
A133820,화인베스틸
A127980,화인써키트
A061250,화일약품
A010660,화천기계
A000850,화천기공
A012670,환영철강공업
A016580,환인제약
A032560,황금에스티
A004800,효성
A094280,효성ITX
A097870,효성오앤비
A298040,효성중공업
A298050,효성첨단소재
A298020,효성티앤씨
A298000,효성화학
A093370,후성
A081660,휠라홀딩스
A290270,휴네시온
A005870,휴니드
A353190,휴럼
A192410,휴림네트웍스
A090710,휴림로봇
A078590,휴림에이텍
A205470,휴마시스
A115160,휴맥스
A028080,휴맥스홀딩스
A200670,휴메딕스
A079980,휴비스
A065510,휴비츠
A215090,휴센텍
A005010,휴스틸
A263920,휴엠앤씨
A243070,휴온스
A084110,휴온스글로벌
A145020,휴젤
A024060,흥구석유
A010240,흥국
A189980,흥국에프엔비
A000540,흥국화재
A003280,흥아해운
A037440,희림
A238490,힘스
닫기,
