0,1,2,3
2024.01.01.,"美 로봇 관련주 폭락…외국인 韓 테마주에 레인보우로보틱스 '팔고' 두산로보틱스, 유진로봇, 휴림로봇, 이랜시스 '샀다'","유진로봇, 레인보우로보틱스, 휴림로봇, 이랜시스 종목이 속한 지능형로봇/인공지능AI 관련주는 총 49개 종목으로 업종 평균 1.10% 상승했다. 비플라이소프트, 솔트룩스, 마음AI, 모비스, 와이더플래닛, 코난테크놀로지, 알체라, 엠로, 링크제니시스, 핀텔, 네오펙트, LG전자, 로보로보, 엑셈, 유일로보틱스, 셀바스AI, 에브리봇, 오브젠, 바이브컴퍼니, 퍼스텍, 티로보틱스, 위세아이텍, 브레인즈컴퍼니, 휴림로봇, 줌인터넷, 로보스타, 유진로봇, 가온그룹, 데이타솔루션, 삼성에스디에스, 네패스, 에이디칩스, 씨유박스, 큐렉소, 스맥, 영우디에스피, 모아데이타, 오픈베이스 주가가 상승했다. 비플라이소프트, 솔트룩스, 마음AI, 모비스, 와이더플래닛, 코난테크놀로지, 알체라, 엠로, 링크제니시스, 핀텔, 네오펙트, LG전자, 로보로보, 엑셈, 유일로보틱스, 셀바스AI, 에브리봇, 오브젠, 바이브컴퍼니, 퍼스텍, 티로보틱스, 위세아이텍, 브레인즈컴퍼니, 휴림로봇, 줌인터넷, 로보스타, 유진로봇, 가온그룹, 데이타솔루션, 삼성에스디에스, 네패스, 에이디칩스, 씨유박스, 큐렉소, 스맥, 영우디에스피, 모아데이타, 오픈베이스 주가가 상승했다. 한편, 한화에어로스페이스, 한국전자인증, 라온피플 주가가 보합, 러셀, 트윔, 로보티즈, 미래컴퍼니, 인포마크, 알에프세미, 고영, 크라우드웍스 주가가 하락 마감했다. [알림] 본 기사는 투자판단의 참고용이며, 이를 근거로 한 투자손실에 대한 책임은 없습니다.",포인트데일리
2024.01.01.,1위 제주반도체 주가·2위 퀄리타스반도체 주가·3위 삼성전기주가 1월 1주차 테마별 주식 온디바이스 AI 부문 트렌드지수 순위 발표,"3위 삼성전기 주가는 트렌드지수 8,094포인트로 전주 10,510포인트보다 2,416포인트 하락했다. 4위 가온칩스 주가는 트렌드지수 6,805포인트로 전주 3,402포인트보다 3,403포인트 상승했다. 4위 가온칩스 주가는 트렌드지수 6,805포인트로 전주 3,402포인트보다 3,403포인트 상승했다. 5위 대덕전자 주가는 트렌드지수 6,523포인트로 전주 7,306포인트보다 783포인트 하락했다. 6위 HPSP 주가는 트렌드지수 5,776포인트로 전주 6,957포인트보다 1,181포인트 하락했다. 7위 칩스앤미디어 주가는 트렌드지수 5,389포인트로 전주 6,836포인트보다 1,447포인트 하락했다. 8위 텔레칩스 주가는 트렌드지수 4,838포인트로 전주 4,814포인트보다 24포인트 상승했다. 9위 심텍 주가는 트렌드지수 3,571포인트로 전주 4,064포인트보다 493포인트 하락했다. 10위 태성 주가는 트렌드지수 3,376포인트로 전주 6,971포인트보다 3,595포인트 하락했다. 11위 에이디테크놀로지 주가, 12위 네패스 주가, 13위 리노공업 주가, 14위 네패스아크 주가, 15위 주가, 16위 주가, 17위 주가, 18위 주가, 19위 주가, 20위는 주가로 나타났다.",스타데일리뉴스
2024.01.02.,美 초전도체 관련주 급락…韓 'LK-99' 테마주에 외국인·기관 다 '물렸다' 평단가 얼마길래? 신성델타테크·파워로직스·서남·모비스 주가 '희비',"모비스 종목이 속한 지능형로봇/인공지능AI 관련주는 총 49개 종목으로 업종 평균 1.10% 상승했다. 비플라이소프트, 솔트룩스, 마음AI, 모비스, 와이더플래닛, 코난테크놀로지, 알체라, 엠로, 링크제니시스, 핀텔, 네오펙트, LG전자, 로보로보, 엑셈, 유일로보틱스, 셀바스AI, 에브리봇, 오브젠, 바이브컴퍼니, 퍼스텍, 티로보틱스, 위세아이텍, 브레인즈컴퍼니, 휴림로봇, 줌인터넷, 로보스타, 유진로봇, 가온그룹, 데이타솔루션, 삼성에스디에스, 네패스, 에이디칩스, 씨유박스, 큐렉소, 스맥, 영우디에스피, 모아데이타, 오픈베이스 주가가 상승했다. 비플라이소프트, 솔트룩스, 마음AI, 모비스, 와이더플래닛, 코난테크놀로지, 알체라, 엠로, 링크제니시스, 핀텔, 네오펙트, LG전자, 로보로보, 엑셈, 유일로보틱스, 셀바스AI, 에브리봇, 오브젠, 바이브컴퍼니, 퍼스텍, 티로보틱스, 위세아이텍, 브레인즈컴퍼니, 휴림로봇, 줌인터넷, 로보스타, 유진로봇, 가온그룹, 데이타솔루션, 삼성에스디에스, 네패스, 에이디칩스, 씨유박스, 큐렉소, 스맥, 영우디에스피, 모아데이타, 오픈베이스 주가가 상승했다. 한편, 한화에어로스페이스, 한국전자인증, 라온피플 주가가 보합, 러셀, 트윔, 로보티즈, 미래컴퍼니, 인포마크, 알에프세미, 고영, 크라우드웍스 주가가 하락 마감했다. 모비스 종목이 속한 4차산업 수혜주는 총 44개 종목으로 업종 평균 0.85% 상승했다. MDS테크, 우리기술투자, 포스코DX, 모비스, DSC인베스트먼트, KT, SBI인베스트먼트, 롯데정보통신, TS인베스트먼트, LG전자, SK텔레콤, 로보로보, 셀바스AI, 모바일어플라이언스, 삼익THK, 에스넷, LG유플러스, TPC, SK, 휴림로봇, SGA솔루션즈, 로보스타, 삼성에스디에스, 알에스오토메이션, 에이디칩스, 삼성전자, 큐렉소, NAVER, 이스트소프트, 지엔씨에너지, 푸른기술, 오픈베이스, 알서포트  주가가 상승했다. 한편, 비트컴퓨터, 아진엑스텍 주가가 보합, 드림시큐리티, 에이스테크, DH오토웨어, 인피니트헬스케어, 아이엠, 유니퀘스트, 어보브반도체, 대성창투, 휴림네트웍스 주가는 하락해 거래를 마쳤다.",포인트데일리
2024.01.02.,"美 의료용 로봇 관련주 약세…韓 의료 AI 테마주에 기관은 뷰노 '매수' 루닛, 셀바스AI, 랩지노믹스 '매도' 외국인은?","루닛 종목이 속한 2022년 하반기 신규상장주는 총 73개 종목으로 업종 평균 0.88% 상승했다. 인벤티지랩, 뉴로메카, 에이프릴바이오, 윤성에프앤씨, 오에스피, 알피바이오, 샤페론, 코난테크놀로지, 에스비비테크, 핑거스토리, 넥스트칩, 신스틸, 디티앤씨알오, 바이오노트, 핀텔, 키움제7호스팩, 비엔케이제1호스팩, 엔에이치스팩24호, KB스타리츠, 케이비제22호스팩, 쏘카, 산돌, 큐알티, 유비온, 한화플러스제3호스팩, 한국제11호스팩, 하나금융24호스팩, 비스토스, 탑머티리얼, 티쓰리, IBKS제20호스팩, 제이아이테크, 아이씨에이치, 엔에이치스팩26호, 삼성스팩7호, 대성하이텍, IBKS제19호스팩, 수산인더스트리, IBKS제21호스팩, 와이씨켐, 벨로크 주가가 상승했다. 반면, 유진스팩9호, 대신밸런스제14호스팩, 성일하이텍 주가가 보합, 대신밸런스제13호스팩, 엔에이치스팩25호, 에스케이증권제8호스팩 종목은 거래가 없었고, 모델솔루션, 더블유씨피, 옵티코어, 신영스팩8호, 교보13호스팩, 하나금융23호스팩, 플라즈맵, 이노룰스, 저스템, 티에프이, 에이치와이티씨, 오픈엣지테크놀로지, 루닛, HPSP, 펨트론 주가가 하락 마감했다. 2022년 상반기 신규상장주는 총 48개 종목으로 업종 평균 1.46% 상승했다. 비플라이소프트, 스톤브릿지벤처스, 미래에셋비전스팩1호, 케이옥션, 청담글로벌, 보로노이, 범한퓨얼셀, 노을, 지투파워, 스코넥, 하나금융22호스팩, 공구우먼, 오토앤, 하나금융21호스팩, 인카금융서비스, LG에너지솔루션, 유일로보틱스, 상상인제3호스팩, 엔에이치스팩23호, 세아메카닉스, 비씨엔씨, 포바이포, 이지트로닉스, 풍원정밀, 대명에너지, 마스턴프리미어리츠, 바이오에프디엔씨, 키움제6호스팩, 애드바이오텍, 케이비제21호스팩, 브이씨, 나래나노텍, 교보12호스팩, 모아데이타 주가가 상승했다. 반면, 코람코더원리츠, 삼성스팩6호 주가가 보합, 신한제9호스팩, DB금융스팩10호, 유진스팩8호, 신영스팩7호, 위니아에이드, 종목은 거래가 없었고, 레이저쎌, 아셈스, 퓨런티어, 가온칩스, 메쎄이상 주가가 하락해 거래를 마쳤다. 반면, 코람코더원리츠, 삼성스팩6호 주가가 보합, 신한제9호스팩, DB금융스팩10호, 유진스팩8호, 신영스팩7호, 위니아에이드, 종목은 거래가 없었고, 레이저쎌, 아셈스, 퓨런티어, 가온칩스, 메쎄이상 주가가 하락해 거래를 마쳤다.",포인트데일리
2024.01.02.,"삼성전자 지금 올라타도 될까?...외국인, 삼성전자 순매수액 역대 최대치",[],핀포인트뉴스
2024.01.02.,"스톤브릿지벤처스, 1825억 새 펀드 결성...""딥테크 투자 확대”","이번에 결성된 스톤브릿지신성장4.0투자조합은 한국산업은행, 한국성장금융 등 국내 주요 유한책임투자자(LP)들이 다수 참여했다. 출자는 결정했으나 행정적인 절차로 인해 1차 클로징에 참여하지 못한 국민연금 등 LP들을 모아 올해 초 2차 클로징을 통해 펀드 규모를 증액한다는 계획이다. 정부의 신성장 4.0 전략과 15대 핵심 프로젝트의 핵심 기술영역인 ▲반도체 ▲모빌리티 ▲AI/DATA ▲친환경에너지 ▲바이오헬스케어 등 5대 영역으로, 스톤브릿지벤처스가 다년간 성과를 보여온 이른바 ‘딥테크’ 영역에 집중 투자할 계획이다. 특히 이번 스톤브릿지신성장4.0투자조합은 회사의 메인펀드로서 검증된 기업을 중심으로 규모있는 투자를 통해 스케일업을 주도하는 한편, 지난 10월에 결성된 600억원 규모의 초기기업 전용 펀드인 IBK-스톤브릿지라이징제2호투자조합과 함께 피투자기업의 유기적인 성장을 이끌어 펀드 운용 수익률을 극대화 한다는 방침이다. 대표펀드매니저는 최동열 파트너가 맡는다. 최 파트너는 스톤브릿지벤처스의 시그니처 딜인 수아랩, 가온칩스, 오픈엣지테크놀로지의 투자와 엑싯을 주도했었다. 핵심운용인력으로는 IT Tech 및 바이오 등 다방면의 혁신기술 투자 강점을 가진 이승현 상무, 바이오?헬스케어 영역의 투자를 주도해온 김현기 상무가 참여한다. 대표펀드매니저와 핵심운용인력 모두 다년간 압도적인 투자/회수 실적을 쌓아왔고 기술과 시장에 대한 인사이트, 오랜 산업계 경력과 풍부한 SI 네트워크, 피투자기업을 글로벌 기업으로 스케일업 하는데에 대한 많은 경험을 보유하고 있다고 판단된다. 대표펀드매니저는 최동열 파트너가 맡는다. 최 파트너는 스톤브릿지벤처스의 시그니처 딜인 수아랩, 가온칩스, 오픈엣지테크놀로지의 투자와 엑싯을 주도했었다. 핵심운용인력으로는 IT Tech 및 바이오 등 다방면의 혁신기술 투자 강점을 가진 이승현 상무, 바이오?헬스케어 영역의 투자를 주도해온 김현기 상무가 참여한다. 대표펀드매니저와 핵심운용인력 모두 다년간 압도적인 투자/회수 실적을 쌓아왔고 기술과 시장에 대한 인사이트, 오랜 산업계 경력과 풍부한 SI 네트워크, 피투자기업을 글로벌 기업으로 스케일업 하는데에 대한 많은 경험을 보유하고 있다고 판단된다.",지디넷코리아언론사 선정
2024.01.02.,"스톤브릿지벤처스, 1825억 딥테크 투자 실탄 '장전'","대표 펀드매니저는 최동열 파트너가 맡는다. 최 파트너는 스톤브릿지벤처스의 시그니처 딜인 수아랩, 가온칩스, 오픈엣지테크놀로지 투자와 회수를 주도했다. 핵심 운용인력으로는 이승현·김현기 상무가 참여한다. 운용인력 모두 다년간 압도적인 투자·회수 실적을 쌓아온 것은 물론, 풍부한 네트워크와 통찰력을 갖고 있다는 게 스톤브릿지벤처스의 설명이다. 대표 펀드매니저는 최동열 파트너가 맡는다. 최 파트너는 스톤브릿지벤처스의 시그니처 딜인 수아랩, 가온칩스, 오픈엣지테크놀로지 투자와 회수를 주도했다. 핵심 운용인력으로는 이승현·김현기 상무가 참여한다. 운용인력 모두 다년간 압도적인 투자·회수 실적을 쌓아온 것은 물론, 풍부한 네트워크와 통찰력을 갖고 있다는 게 스톤브릿지벤처스의 설명이다. 최동열 파트너는 ""이번 신성장 펀드의 5대 주목적 투자 분야는 앞서 정부가 발표한 '신성장 4.0 전략'의 핵심 키워드로 스톤브릿지벤처스가 가장 잘 알고 있고, 다년간 성과를 냈던 분야""라며 ""이번 펀드에서도 더욱 성공적인 시그니처 딜을 발굴·투자할 계획이다""고 밝혔다. 유승운 스톤브릿지벤처스 대표이사는 ""어려운 시기에도 회사를 믿고 출자를 해준 LP들께 감사드리며 앞으로도 우수한 운용실적과 모범적인 운용으로 그 믿음에 보답하겠다""고 말했다.",딜사이트
2024.01.02.,"[마켓인]스톤브릿지벤처스, 신규 펀드 1825억 규모 1차 클로징","        대표 펀드매니저는 최동열 파트너가 맡는다. 최 파트너는 스톤브릿지벤처스에서 수아랩, 가온칩스, 오픈엣지테크놀로지의 투자와 엑싯을 주도한 바 있다. 핵심운용인력으로는 IT 테크 및 바이오 등 다방면의 혁신기술 투자 강점을 가진 이승현 상무, 바이오·헬스케어 영역의 투자를 주도해온 김현기 상무가 참여한다. 최동열 파트너는 “이번 펀드의 5대 주목적 분야는 지난 2022년 말 정부에서 발표한 신성장 4.0 전략의 핵심 키워드”라며 “이는 스톤브릿지벤처스가 가장 잘 알고 있고 다년간 성과를 내 왔던 산업분야로, 더욱 성공적인 시그니처 딜들을 발굴하고 투자할 계획이다”라고 전했다.         대표 펀드매니저는 최동열 파트너가 맡는다. 최 파트너는 스톤브릿지벤처스에서 수아랩, 가온칩스, 오픈엣지테크놀로지의 투자와 엑싯을 주도한 바 있다. 핵심운용인력으로는 IT 테크 및 바이오 등 다방면의 혁신기술 투자 강점을 가진 이승현 상무, 바이오·헬스케어 영역의 투자를 주도해온 김현기 상무가 참여한다. 최동열 파트너는 “이번 펀드의 5대 주목적 분야는 지난 2022년 말 정부에서 발표한 신성장 4.0 전략의 핵심 키워드”라며 “이는 스톤브릿지벤처스가 가장 잘 알고 있고 다년간 성과를 내 왔던 산업분야로, 더욱 성공적인 시그니처 딜들을 발굴하고 투자할 계획이다”라고 전했다.",이데일리
2024.01.02.,"스톤브릿지, 신규펀드 1825억원 규모 결성…""딥테크 영역에 집중 투자""","스톤브릿지벤처스는 1825억원 규모의 신규 펀드 결성에 성공했다고 2일 밝혔다. 펀딩 혹한기에도 불구하고 2023년에 2개 신규 펀드 결성으로 투자재원을 2425억원 늘려 잠재력 있는 딥테크 영역에 선제적 투자를 확대한다는 계획이다.스톤브릿지벤처스는 작년 12월28일 결성총회를 열고 1825억원 규모의 '스톤브릿지신성장4.0투자조합'의 1차 결성을 마무리했다. 이로서 운용자산(AUM)은 1조3000억 수준으로 확대되며 회사 실적의 안정성도 한층 높아질 전망이다.  이번에 결성된 '스톤브릿지신성장4.0투자조합'은 한국산업은행, 한국성장금융 등 국내 주요 출자자(LP)들이 다수 참여했다. 행정적인 절차로 인해 1차 클로징에 참여하지 못한 국민연금 등 LP들을 모아 올해 초에 2차 클로징을 통해 펀드 규모를 증액할 예정이다.정부의 신성장 4.0 전략과 15대 핵심 프로젝트의 핵심 기술영역인 ▲반도체 ▲모빌리티 ▲AI/DATA ▲친환경에너지 ▲바이오헬스케어 등 5대 영역이다. 스톤브릿지벤처스가 다년간 성과를 보여오고 있는 이른바 딥테크 영역에 집중 투자할 계획이다.이번 스톤브릿지신성장4.0투자조합은 회사의 메인펀드로서 검증된 기업을 중심으로 규모있는 투자를 통해 스케일업을 주도한다. 또 작년 10월에 결성된 600억원 규모의 초기기업 전용 펀드인 IBK-스톤브릿지라이징제2호투자조합과 함께 피투자기업의 유기적인 성장을 이끌어 펀드 운용 수익률을 극대화 한다는 방침이다.  대표펀드매니저는 최동열 파트너가 맡는다. 최 파트너는 스톤브릿지벤처스의 시그니처 딜인 수아랩, 가온칩스, 오픈엣지테크놀로지의 투자와 엑시트를 주도했다. 핵심운용인력으로는 IT 테크 및 바이오 등 다방면의 혁신기술 투자 강점을 가진 이승현 상무, 바이오?헬스케어 영역의 투자를 주도해온 김현기 상무가 참여한다. 대표펀드매니저와 핵심운용인력 모두 다년간 압도적인 투자·회수 실적을 쌓아왔다. 기술과 시장에 대한 인사이트, 오랜 산업계 경력과 풍부한 SI 네트워크, 피투자기업을 글로벌 기업으로 스케일업 하는데에 대한 많은 경험을 보유하고 있다고 판단된다.최동열 파트너는 “금번 펀드의 5대 주목적 분야는 ‘22년말 정부에서 발표한 신성장 4.0 전략의 핵심 키워드이며, 스톤브릿지벤처스가 가장 잘 알고 있고 다년간 성과를 내 왔던 산업분야""라며 ""금번 펀드에서도 5대 분야에서 더욱 성공적인 시그니처딜들을 발굴 및 투자할 계획이”라고 말했다.유승운 대표는 “어려운 시기에도 회사를 믿고 출자를 해준 LP들께 감사드리며 앞으로도 우수한 운용실적과 모범적인 운용으로 그 믿음에 보답 드리겠다” 라고 강조했다.  대표펀드매니저는 최동열 파트너가 맡는다. 최 파트너는 스톤브릿지벤처스의 시그니처 딜인 수아랩, 가온칩스, 오픈엣지테크놀로지의 투자와 엑시트를 주도했다. 핵심운용인력으로는 IT 테크 및 바이오 등 다방면의 혁신기술 투자 강점을 가진 이승현 상무, 바이오?헬스케어 영역의 투자를 주도해온 김현기 상무가 참여한다. 대표펀드매니저와 핵심운용인력 모두 다년간 압도적인 투자·회수 실적을 쌓아왔다. 기술과 시장에 대한 인사이트, 오랜 산업계 경력과 풍부한 SI 네트워크, 피투자기업을 글로벌 기업으로 스케일업 하는데에 대한 많은 경험을 보유하고 있다고 판단된다.최동열 파트너는 “금번 펀드의 5대 주목적 분야는 ‘22년말 정부에서 발표한 신성장 4.0 전략의 핵심 키워드이며, 스톤브릿지벤처스가 가장 잘 알고 있고 다년간 성과를 내 왔던 산업분야""라며 ""금번 펀드에서도 5대 분야에서 더욱 성공적인 시그니처딜들을 발굴 및 투자할 계획이”라고 말했다.유승운 대표는 “어려운 시기에도 회사를 믿고 출자를 해준 LP들께 감사드리며 앞으로도 우수한 운용실적과 모범적인 운용으로 그 믿음에 보답 드리겠다” 라고 강조했다.  유현석 기자 guspower@asiae.co.kr",아시아경제
2024.01.02.,"스톤브릿지벤처스, 1825억 규모 딥테크 투자 펀드 결성 [시그널]","   viewer 스톤브릿지벤처스(330730) 재무분석차트영역상세보기가 신규 펀드 결성에 성공하면서 회사의 전제 운용자산(AUM) 규모를 1조 3000억 원 수준으로 확대했다. 앞으로 인공지능(AI), 반도체 등 딥테크 분야에 대한 적극적인 투자에 나설 계획이다.스톤브릿지벤처스는 지난해 12월 28일 결성총회를 열고 약정액 1825억 원의 '스톤브릿지신성장4.0투자조합(신성장4.0펀드)' 조성을 완료했다고 2일 밝혔다. 이로써 스톤브릿지벤처스는 기존 펀드를 포함해 투자 재원 2425억 원을 확보했다.신성장4.0펀드에는 한국산업은행을 비롯해 한국성장금융 등이 주요 출자자로 참여했다. 스톤브릿지벤처스는 조만간 국민연금공단 등이 참여하는 2차 결성을 통해 이 펀드의 약정액 규모를 2000억 원 중반대로 확대할 계획이다. 스톤브릿지벤처스는 펀드 약정액 대부분을 딥테크 분야 투자에 투입할 계획이다. 정부의 신성장 4.0 전략과 15대 핵심 프로젝트의 기술영역인 △반도체 △모빌리티 △AI·DATA △친환경에너지 △바이오헬스케어 등 5대 영역을 주요 투자 분야로 설정했다. 대표펀드매니저는 최동열 파트너가 맡는다. 최 파트너는 스톤브릿지벤처스의 대표적인 성공 사례인 수아랩, 가온칩스, 오픈엣지테크놀로지의 투자와 투자금 회수를 주도한 인물이다. 핵심운용인력으로는 혁신기술 투자 강점을 가진 이승현 상무와 바이오∙헬스케어 영역의 투자를 주도해온 김현기 상무가 참여한다.최 파트너는 ""이번 펀드의 5대 주목적 분야는 정부에서 발표한 신성장 4.0 전략의 핵심 키워드이며, 스톤브릿지가 가장 잘 알고 있고 다년간 성과를 내 왔던 산업분야""라며 ""앞으로 더욱 성공적인 투자처 발굴과 투자를 진행할 계획""이라고 밝혔다.유승운 스톤브릿지벤처스 대표는 “어려운 시기에도 회사를 믿고 출자를 해준 출자자들에게 감사하다""며 “앞으로도 우수한 운용실적과 모범적인 운용으로 보답하겠다”라고 강조했다.    viewer 스톤브릿지벤처스(330730) 재무분석차트영역상세보기가 신규 펀드 결성에 성공하면서 회사의 전제 운용자산(AUM) 규모를 1조 3000억 원 수준으로 확대했다. 앞으로 인공지능(AI), 반도체 등 딥테크 분야에 대한 적극적인 투자에 나설 계획이다.스톤브릿지벤처스는 지난해 12월 28일 결성총회를 열고 약정액 1825억 원의 '스톤브릿지신성장4.0투자조합(신성장4.0펀드)' 조성을 완료했다고 2일 밝혔다. 이로써 스톤브릿지벤처스는 기존 펀드를 포함해 투자 재원 2425억 원을 확보했다.신성장4.0펀드에는 한국산업은행을 비롯해 한국성장금융 등이 주요 출자자로 참여했다. 스톤브릿지벤처스는 조만간 국민연금공단 등이 참여하는 2차 결성을 통해 이 펀드의 약정액 규모를 2000억 원 중반대로 확대할 계획이다. 스톤브릿지벤처스는 펀드 약정액 대부분을 딥테크 분야 투자에 투입할 계획이다. 정부의 신성장 4.0 전략과 15대 핵심 프로젝트의 기술영역인 △반도체 △모빌리티 △AI·DATA △친환경에너지 △바이오헬스케어 등 5대 영역을 주요 투자 분야로 설정했다. 대표펀드매니저는 최동열 파트너가 맡는다. 최 파트너는 스톤브릿지벤처스의 대표적인 성공 사례인 수아랩, 가온칩스, 오픈엣지테크놀로지의 투자와 투자금 회수를 주도한 인물이다. 핵심운용인력으로는 혁신기술 투자 강점을 가진 이승현 상무와 바이오∙헬스케어 영역의 투자를 주도해온 김현기 상무가 참여한다.최 파트너는 ""이번 펀드의 5대 주목적 분야는 정부에서 발표한 신성장 4.0 전략의 핵심 키워드이며, 스톤브릿지가 가장 잘 알고 있고 다년간 성과를 내 왔던 산업분야""라며 ""앞으로 더욱 성공적인 투자처 발굴과 투자를 진행할 계획""이라고 밝혔다.유승운 스톤브릿지벤처스 대표는 “어려운 시기에도 회사를 믿고 출자를 해준 출자자들에게 감사하다""며 “앞으로도 우수한 운용실적과 모범적인 운용으로 보답하겠다”라고 강조했다.                                     < 저작권자 ⓒ 서울경제, 무단 전재 및 재배포 금지 >",서울경제
2024.01.02.,"스톤브릿지벤처스, 스톤브릿지신성장4.0투자조합 1,825억원 규모로 1차 closing 성공"," ▲반도체, ▲모빌리티, ▲AI/DATA, ▲친환경에너지, ▲바이오헬스케어 등 딥테크 영역에 집중 투자2023년 신규 투자재원 2,425억원 확보 및 AUM 1조 3천억 수준으로 확대        사진 확대    스톤브릿지벤처스CI  스톤브릿지벤처스가 1,825억원 규모의 신규 펀드 결성에 성공했다. 펀딩 혹한기에도 불구하고 2023년에 2개 신규 펀드 결성으로 투자재원을 2,425억원 늘려 잠재력 있는 딥테크 영역에 선제적 투자를 확대한다는 계획이다.스톤브릿지벤처스는 지난 12월 28일 결성총회를 열고 1,825억원 규모의 ‘스톤브릿지신성장4.0투자조합’의 1차 결성을 마무리했다. 이로서 AUM은 1조 3천억 수준으로 확대되며 회사 실적의 안정성도 한층 높아질 전망이다.이번에 결성된 ‘스톤브릿지신성장4.0투자조합’은 한국산업은행, 한국성장금융 등 국내 주요 LP들이 다수 참여하고 출자했다. 국민연금 등은 24년 초에 참여할 예정이다.정부의 신성장 4.0 전략과 15대 핵심 프로젝트의 핵심 기술영역인 ▲반도체, ▲모빌리티, ▲AI/DATA, ▲친환경에너지, ▲바이오헬스케어 등 딥테크 영역에 집중 투자할 계획이다.특히 이번 스톤브릿지신성장4.0투자조합은 회사의 메인펀드로서 검증된 기업을 중심으로 규모있는 투자를 통해 스케일업을 주도하는 한편, 지난 10월에 결성된 600억원 규모의 초기기업 전용 펀드인 IBK-스톤브릿지라이징제2호투자조합과 함께 피투자기업의 유기적인 성장을 이끌어 펀드 운용 수익률을 극대화 한다는 방침이다.대표펀드매니저는 최동열 파트너가 맡는다. 최 파트너는 스톤브릿지벤처스의 시그니처 딜인 수아랩, 가온칩스, 오픈엣지테크놀로지의 투자와 엑싯을 주도했었다. 핵심운용인력으로는 IT Tech 및 바이오 등 다방면의 혁신기술 투자 강점을 가진 이승현 상무, 바이오헬스케어 영역의 투자를 주도해온 김현기 상무가 참여한다. 대표펀드매니저와 핵심운용인력 모두 다년간 압도적인 투자/회수 실적을 쌓아왔고 기술과 시장에 대한 인사이트, 오랜 산업계 경력과 풍부한 SI 네트워크, 피투자기업을 글로벌 기업으로 스케일업 하는데에 대한 많은 경험을 보유하고 있다고 판단된다.최동열 파트너는 “금번 펀드의 5대 주목적 분야는 ‘22년말 정부에서 발표한 신성장 4.0 전략의 핵심 키워드이며, 스톤브릿지벤처스가 가장 잘 알고 있고 다년간 성과를 내 왔던 산업분야이다. 금번 펀드에서도 5대 분야에서 더욱 성공적인 시그니처딜들을 발굴 및 투자할 계획이다.”라고 밝혔다.유승운 대표이사는 “어려운 시기에도 회사를 믿고 출자를 해준 LP들께 감사드리며 앞으로도 우수한 운용실적과 모범적인 운용으로 그 믿음에 보답드리겠다” 라고 강조했다.  ▲반도체, ▲모빌리티, ▲AI/DATA, ▲친환경에너지, ▲바이오헬스케어 등 딥테크 영역에 집중 투자2023년 신규 투자재원 2,425억원 확보 및 AUM 1조 3천억 수준으로 확대        사진 확대    스톤브릿지벤처스CI  스톤브릿지벤처스가 1,825억원 규모의 신규 펀드 결성에 성공했다. 펀딩 혹한기에도 불구하고 2023년에 2개 신규 펀드 결성으로 투자재원을 2,425억원 늘려 잠재력 있는 딥테크 영역에 선제적 투자를 확대한다는 계획이다.스톤브릿지벤처스는 지난 12월 28일 결성총회를 열고 1,825억원 규모의 ‘스톤브릿지신성장4.0투자조합’의 1차 결성을 마무리했다. 이로서 AUM은 1조 3천억 수준으로 확대되며 회사 실적의 안정성도 한층 높아질 전망이다.이번에 결성된 ‘스톤브릿지신성장4.0투자조합’은 한국산업은행, 한국성장금융 등 국내 주요 LP들이 다수 참여하고 출자했다. 국민연금 등은 24년 초에 참여할 예정이다.정부의 신성장 4.0 전략과 15대 핵심 프로젝트의 핵심 기술영역인 ▲반도체, ▲모빌리티, ▲AI/DATA, ▲친환경에너지, ▲바이오헬스케어 등 딥테크 영역에 집중 투자할 계획이다.특히 이번 스톤브릿지신성장4.0투자조합은 회사의 메인펀드로서 검증된 기업을 중심으로 규모있는 투자를 통해 스케일업을 주도하는 한편, 지난 10월에 결성된 600억원 규모의 초기기업 전용 펀드인 IBK-스톤브릿지라이징제2호투자조합과 함께 피투자기업의 유기적인 성장을 이끌어 펀드 운용 수익률을 극대화 한다는 방침이다.대표펀드매니저는 최동열 파트너가 맡는다. 최 파트너는 스톤브릿지벤처스의 시그니처 딜인 수아랩, 가온칩스, 오픈엣지테크놀로지의 투자와 엑싯을 주도했었다. 핵심운용인력으로는 IT Tech 및 바이오 등 다방면의 혁신기술 투자 강점을 가진 이승현 상무, 바이오헬스케어 영역의 투자를 주도해온 김현기 상무가 참여한다. 대표펀드매니저와 핵심운용인력 모두 다년간 압도적인 투자/회수 실적을 쌓아왔고 기술과 시장에 대한 인사이트, 오랜 산업계 경력과 풍부한 SI 네트워크, 피투자기업을 글로벌 기업으로 스케일업 하는데에 대한 많은 경험을 보유하고 있다고 판단된다.최동열 파트너는 “금번 펀드의 5대 주목적 분야는 ‘22년말 정부에서 발표한 신성장 4.0 전략의 핵심 키워드이며, 스톤브릿지벤처스가 가장 잘 알고 있고 다년간 성과를 내 왔던 산업분야이다. 금번 펀드에서도 5대 분야에서 더욱 성공적인 시그니처딜들을 발굴 및 투자할 계획이다.”라고 밝혔다.유승운 대표이사는 “어려운 시기에도 회사를 믿고 출자를 해준 LP들께 감사드리며 앞으로도 우수한 운용실적과 모범적인 운용으로 그 믿음에 보답드리겠다” 라고 강조했다.",매일경제
2024.01.02.,"스톤브릿지벤처스, 1825억 펀드 1차 클로징",[],한국경제
2024.01.02.,"스톤브릿지벤처스, ""1825억원 신규펀딩 결성 성공""","특히 이번 스톤브릿지신성장4.0투자조합은 회사의 메인펀드로서 검증된 기업을 중심으로 규모있는 투자를 통해 스케일업을 주도하는 한편, 지난 10월에 결성된 600억원 규모의 초기기업 전용 펀드인 IBK-스톤브릿지라이징제2호투자조합과 함께 피투자기업의 유기적인 성장을 이끌어 펀드 운용 수익률을 극대화 한다는 방침이다. 대표펀드매니저는 스톤브릿지벤처스의 시그니처 달인 수아랩, 가온칩스, 오픈엣지테크놀로지의 투자와 엑싯을 주도했던 최동열 파트너가 맡는다. 핵심운용인력으로는 IT Tech 및 바이오 등 다방면의 혁신기술 투자 강점을 지닌 이승현 상무, 바이오∙헬스케어 영역의 투자를 주도해온 김현기 상무가 참여한다. 대표펀드매니저는 스톤브릿지벤처스의 시그니처 달인 수아랩, 가온칩스, 오픈엣지테크놀로지의 투자와 엑싯을 주도했던 최동열 파트너가 맡는다. 핵심운용인력으로는 IT Tech 및 바이오 등 다방면의 혁신기술 투자 강점을 지닌 이승현 상무, 바이오∙헬스케어 영역의 투자를 주도해온 김현기 상무가 참여한다. 최동열 파트너는 “금번 펀드의 5대 주목적 분야는 ‘22년말 정부에서 발표한 신성장 4.0 전략의 핵심 키워드이며, 스톤브릿지벤처스가 가장 잘 알고 있고 다년간 성과를 내 왔던 산업분야이다. 금번 펀드에서도 5대 분야에서 더욱 성공적인 시그니처딜들을 발굴 및 투자할 계획이다.”라고 밝혔다.",이코노믹리뷰
2024.01.02.,"[김장열의 업사이드] ""내가 제일 잘 나가"" …기술력 뽐내는 CES는?",[],MTN
2024.01.02.,스톤브릿지벤처스 '1825억 펀드' 조성...AUM 1.3조 [넘버스],"최소 결성 금액 1200억원이었는데 스톤브릿지벤처스는 1825억원 규모로 1차 클로징을 했고 행정적 절차로 참여하지 못한 국민연금 등의 LP(출자자)를 모아 2024년 2차 클로징에 나설 예정이다. 펀드 규모는 최종적으로 2000억원을 넘길 전망이다.  이로써 스톤브릿지벤처스는 AUM도 1조3000억원 수준을 확보하게 돼 회사 실적의 안정성도 한층 높아질 것으로 기대하고 있다.  주목적 투자 대상은 정부의 신성장 4.0 전략과 15대 핵심 프로젝트의 핵심 기술 영역으로 △반도체 △모빌리티 △AI(인공지능)/DATA(데이터) △친환경에너지 △바이오헬스케어 등이다. 스톤브릿지벤처스는 다년간 성과를 보여오고 있는 딥테크 영역에 집중 투자할 계획이다. 스톤브릿지벤처스는 전체 투자의 40% 이상을 딥테크(반도체, AI·데이터, 바이오 등) 영역에 집중적으로 투자해왔다.  특히 해당 펀드를 메인펀드로 해 검증된 기업을 중심으로 규모 있는 투자를 통해 스케일업을 주도하고 지난 10월 결성한 600억원 규모의 초기기업 전용 펀드인 'IBK-스톤브릿지라이징제2호투자조합'과 함께 피투자기업의 유기적 성장을 이끌어 펀드 운용 수익률을 극대화한다는 방침이다. 대표펀드매니저는 최동열 파트너다. 스톤브릿지벤처스의 대표 딜인 △수아랩 △가온칩스 △오픈엣지테크놀로지 등의 투자와 엑시트(투자금 회수)를 주도했다. 대표펀드매니저는 최동열 파트너다. 스톤브릿지벤처스의 대표 딜인 △수아랩 △가온칩스 △오픈엣지테크놀로지 등의 투자와 엑시트(투자금 회수)를 주도했다. 핵심 운용인력으로는 이승현 상무, 김현기 상무가 참여한다. 이승현 상무는 IT테크와 바이오 등 혁신기술 투자에 강점을 가졌다. 김현기 상무는 바이오와 헬스케어 투자를 주도해왔다. 모두 압도적인 투자와 회수 실적을 쌓았고 기술과 시장에 대한 인사이트, 오랜 산업계 경력과 풍부한 SI(전략적투자자) 네트워크, 피투자기업을 글로벌 기업으로 스케일업 하는 데 많은 경험을 보유했다는 평가다. 최동열 파트너는 ""금번 펀드 5대 주목적 분야는 스톤브릿지벤처스가 가장 잘 알고 있고 다년간 성과를 내왔던 산업분야다""면서 ""해당 분야에서 더욱 성공적인 딜들을 발굴하고 투자하겠다""고 밝혔다. 유승운 대표는 ""어려운 시기에도 회사를 믿고 출자를 해준 LP들께 감사드린다""면서 ""앞으로도 우수한 운용 실적과 모범적인 운용으로 그 믿음에 보답드리겠다""고 강조했다. 스톤브릿지벤처스가 그간 청산한 4개 조합의 내부수익률(IRR) 평균은 27.03%다. 멀티플(배수) 평균은 2.72배다. ",블로터언론사 선정
2024.01.02.,리노공업 주가 벌떡...외국인은 20거래일 대량매물 봇물,[],핀포인트뉴스
2024.01.02.,"스톤브릿지벤처스, ‘스톤브릿지신성장4.0투자조합’ 1차 결성 마무리","스톤브릿지벤처스가 1,825억원 규모의 신규 펀드를 결성했다. 펀딩 혹한기에도 불구하고 2023년에 2개 신규 펀드 결성으로 투자재원을 2,425억원 늘려 잠재력 있는 딥테크 영역에 선제적 투자를 확대한다는 계획이다. 스톤브릿지벤처스는 지난 12월 28일 결성총회를 열고 1,825억원 규모의『스톤브릿지신성장4.0투자조합』의 1차 결성을 마무리했다. 이로서 AUM은 1조 3천억 수준으로 확대되며 회사 실적의 안정성도 한층 높아질 전망이다. 이번에 결성된『스톤브릿지신성장4.0투자조합』은 한국산업은행, 한국성장금융 등 국내 주요 LP들이 다수 참여하고 출자는 결정했으나 행정적인 절차로 인해 1차 클로징에 참여하지 못한 국민연금 등 LP들을 모아 24년 초에 2차 클로징을 통해 펀드 규모를 증액할 것이라고 밝혔다. 정부의 신성장 4.0 전략과 15대 핵심 프로젝트의 핵심 기술영역인 ▲반도체, ▲모빌리티, ▲AI/DATA, ▲친환경에너지, ▲바이오헬스케어 등 5대 영역으로, 스톤브릿지벤처스가 다년간 성과를 보여오고 있는 이른바 딥테크 영역에 집중 투자할 계획이다. 특히 이번 스톤브릿지신성장4.0투자조합은 회사의 메인펀드로서 검증된 기업을 중심으로 규모있는 투자를 통해 스케일업을 주도하는 한편, 지난 10월에 결성된 600억원 규모의 초기기업 전용 펀드인 IBK-스톤브릿지라이징제2호투자조합과 함께 피투자기업의 유기적인 성장을 이끌어 펀드 운용 수익률을 극대화 한다는 방침이다. 대표펀드매니저는 최동열 파트너가 맡는다. 최 파트너는 스톤브릿지벤처스의 시그니처 딜인 수아랩, 가온칩스, 오픈엣지테크놀로지의 투자와 엑싯을 주도했었다. 핵심운용인력으로는 IT Tech 및 바이오 등 다방면의 혁신기술 투자 강점을 가진 이승현 상무, 바이오∙헬스케어 영역의 투자를 주도해온 김현기 상무가 참여한다. 대표펀드매니저는 최동열 파트너가 맡는다. 최 파트너는 스톤브릿지벤처스의 시그니처 딜인 수아랩, 가온칩스, 오픈엣지테크놀로지의 투자와 엑싯을 주도했었다. 핵심운용인력으로는 IT Tech 및 바이오 등 다방면의 혁신기술 투자 강점을 가진 이승현 상무, 바이오∙헬스케어 영역의 투자를 주도해온 김현기 상무가 참여한다. 최동열 파트너는 “금번 펀드의 5대 주목적 분야는 ‘22년말 정부에서 발표한 신성장 4.0 전략의 핵심 키워드이며, 스톤브릿지벤처스가 가장 잘 알고 있고 다년간 성과를 내 왔던 산업분야이다. 금번 펀드에서도 5대 분야에서 더욱 성공적인 시그니처딜들을 발굴 및 투자할 계획이다.”라고 밝혔다.",벤처스퀘어
2024.01.02.,"가온칩스, 3거래일만에 4% 상승…6만원선 재돌파 눈앞",[],이코노뉴스
2024.01.02.,"스톤브릿지, 1825억 규모 스톤브릿지신성장4.0투자조합 1차 결성","스톤브릿지벤처스가 지난해 12월 28일 1825억원 규모 스톤브릿지신성장4.0투자조합을 1차로 결성했다고 2일 밝혔다. 지난해 두 개 신규 펀드 결성으로 투자재원을 2425억원 확대했다. 스톤브릿지신성장4.0투자조합은 한국산업은행, 한국성장금융 등이 출자자(LP)로 참여했다. 이번 조합은 정부 신성장 4.0 전략과 15대 핵심 프로젝트 핵심 기술영역인 반도체, 모빌리티, 인공지능(AI) 등 딥테크 영역에 집중 투자한다. 이번 결성으로 스톤브릿지의 운용자산(AUM)은 1조3000억원 수준으로 늘어났다. 대표펀드매니저는 최동열 스톤브릿지벤처스 파트너가 맡는다. 최 파트너는 수아랩, 가온칩스, 오픈엣지테크놀로지 등의 투자와 회수를 주도했다. 정보기술(IT), 바이오 등 분야에 투자한 이승현 상무, 김현기 상무 등도 펀드매니저로 참여한다. 대표펀드매니저는 최동열 스톤브릿지벤처스 파트너가 맡는다. 최 파트너는 수아랩, 가온칩스, 오픈엣지테크놀로지 등의 투자와 회수를 주도했다. 정보기술(IT), 바이오 등 분야에 투자한 이승현 상무, 김현기 상무 등도 펀드매니저로 참여한다. 스톤브릿지는 신성장4.0투자조합에 출자는 결정했으나 행정적인 절차로 인해 1차 결성에 참여하지 못한 국민연금 등 LP를 모아 올해 초에 2차로 결성해 펀드를 증액할 계획이다. 최 파트너는 “이번 펀드 주 투자 분야는 정부 신성장 4.0 전략 핵심이자 스톤브릿지가 다년간 성과를 내온 분야”라면서 “유망기업 발굴·투자에 속도를 내겠다”고 말했다. 송윤섭 기자 sys@etnews.com",전자신문
2024.01.02.,"벤처투자사 스톤브릿지, AI와 반도체 스타트업 겨냥한 1,800억 원 펀드 결성","벤처투자사 스톤브릿지벤처스는 2일 반도체와 인공지능(AI), 빅데이터 등에 투자하기 위해 1,825억 원 규모의 펀드를 결성했다고 밝혔다. 이를 위해 한국산업은행, 한국성장금융 등이 참여하는 신성장 4.0 투자조합도 만들었다. 이 업체는 이번에 결성한 펀드를 정부가 신성장 4.0 전략에서 지목한 15대 핵심 과제 중 반도체, 이동기기, AI, 친환경 에너지, 생명공학과 디지털 건강관리 등에 주로 투자할 계획이다. 펀드 운용은 수아랩, 가온칩스, 오픈엣지테크놀로지에 투자를 주도한 최동열 파트너가 맡는다. 그는 AI 반도체 업체 오픈엣지테크놀로지에 2018년 처음 투자한 이래 4회에 걸쳐 115억 원을 투자해 5년 만인 지난 연말 540억 원을 회수했다. 이 업체는 이번에 결성한 펀드를 정부가 신성장 4.0 전략에서 지목한 15대 핵심 과제 중 반도체, 이동기기, AI, 친환경 에너지, 생명공학과 디지털 건강관리 등에 주로 투자할 계획이다. 펀드 운용은 수아랩, 가온칩스, 오픈엣지테크놀로지에 투자를 주도한 최동열 파트너가 맡는다. 그는 AI 반도체 업체 오픈엣지테크놀로지에 2018년 처음 투자한 이래 4회에 걸쳐 115억 원을 투자해 5년 만인 지난 연말 540억 원을 회수했다.",한국일보
2024.01.03.,해성디에스 주가 덩실덩실...반도체장비 시장 고속성장,[],핀포인트뉴스
2024.01.03.,"시스템반도체 관련주, '봄날의햇살' 퀄리타스반도체·아이에이·파두·칩스앤미디어·어보브반도체·SFA반도체... '먹구름' 한미반도체·DB하이텍","2일 주식시장에서 시스템반도체 관련주들이 전 거래일 대비 3.49% 상승으로 장을 마감했다. [포인트데일리 홍미경 기자] 시스템반도체 관련주들이 전 거래일 대비 3.49% 상승으로 장을 마감했다. 2일 한국거래소에 따르면 퀄리타스반도체, SFA반도체, 칩스앤미디어, 아이에이, 파두, 어보브반도체, 오픈엣지테크놀로지, 가온칩스, 시그네틱스, 하나마이크론, 에이직랜드는 상승했다. 2일 한국거래소에 따르면 퀄리타스반도체, SFA반도체, 칩스앤미디어, 아이에이, 파두, 어보브반도체, 오픈엣지테크놀로지, 가온칩스, 시그네틱스, 하나마이크론, 에이직랜드는 상승했다. 퀄리타스반도체의 주가는 전 거래일 대비 6500원 오른 4만6650원에 거래를 마쳤다. 퀄리타스반도체의 주가 상승률은 16.19% 다. SFA반도체와 칩스앤미디어는 전 거래일 대비 각각 200원, 2500원 오른6230원과 3만4350원에 장을 마감했다. SFA반도체와 칩스앤미디어의 주가 상승률은 각각 3.32%, 7.85% 다.",포인트데일리
2024.01.03.,네패스 주가 덩실덩실...외국인은 15만주 이상 '줍줍',[],핀포인트뉴스
2024.01.03.,"""갤럭시S24 공개 눈앞…온디바이스 AI 성장 수혜株는?""","        김동원 KB증권 연구원은 “올해부터 삼성, 애플, 구글, 마이크로소프트, 중국 스마트폰 업체들의 온디바이스 AI 폰 출시가 본격화될 것으로 전망한다”며 “온디바이스 AI 폰이 10년 만에 최저 판매량을 기록(2023년 11억4000만대, 전년 비 -6%)한 스마트폰 시장 반등의 유일한 돌파구로 기대되기 때문”이라고 설명했다. 온디바이스 AI 급성장에 따른 수혜주(비상장 포함)도 주목된다. KB증권은 △메모리 반도체 수요 증가 수혜를 받을 삼성전자, SK하이닉스(000660) △온디바이스 AI 관련 팹리스인 리벨리온, 사피온 △디자인하우스 가온칩스(399720)(코스닥), 세미파이브 등이 생태계 확장을 이끌 것으로 내다봤다.         김동원 KB증권 연구원은 “올해부터 삼성, 애플, 구글, 마이크로소프트, 중국 스마트폰 업체들의 온디바이스 AI 폰 출시가 본격화될 것으로 전망한다”며 “온디바이스 AI 폰이 10년 만에 최저 판매량을 기록(2023년 11억4000만대, 전년 비 -6%)한 스마트폰 시장 반등의 유일한 돌파구로 기대되기 때문”이라고 설명했다. 온디바이스 AI 급성장에 따른 수혜주(비상장 포함)도 주목된다. KB증권은 △메모리 반도체 수요 증가 수혜를 받을 삼성전자, SK하이닉스(000660) △온디바이스 AI 관련 팹리스인 리벨리온, 사피온 △디자인하우스 가온칩스(399720)(코스닥), 세미파이브 등이 생태계 확장을 이끌 것으로 내다봤다.",이데일리언론사 선정
2024.01.03.,"""삼성전자 '갤럭시 S24' 시작으로 온디바이스 AI 급성장 기대"" -KB",[],비즈트리뷴
2024.01.03.,"""온디바이스 AI 폰 급성장 기대""…삼성전자·SK하이닉스 수혜 전망-KB"," 서울 강남구 코엑스에서 참석자들이 신제품을 체험하고 있다. /사진=김휘선 기자 hwijpg@ KB증권은 온디바이스 AI(인공지능) 폰의 급성장을 기대한다며, 삼성전자 (74,300원 ▲200 +0.27%)와 SK하이닉스 (161,900원 ▼1,700 -1.04%) 등 메모리 반도체 수요증가와 팹리스 및 디자인 하우스 기업들의 생태계 확장을 이끌어낼 것이라고 예상했다.  삼성전자는 이달 17일 미국 캘리포니아 산호세에서 AI 스마트폰인 '갤럭시 S24'를 공개한다. 갤럭시 S24의 글로벌 판매는 30일부터 시작될 것으로 예상되며, 지난해 '갤럭시 S23' 대비 약 2주 앞당겨져 AI 폰 시장 선점을 위한 조기 판매가 시작될 전망이다.  김동원 KB증권 리서치센터장은 ""갤럭시 S24는 3개 모델로 구성되고 AP는 기종별과 판매지역에 따라 퀄컴 스냅드래곤8 3세대, 엑시노스 2400을 혼용 탑재할 것""이라며 ""실시간 통역 통화와 생성형 AI 활용 문서 작성, 편집 등의 기능이 지원될 것""이라고 했다.  KB증권이 예상한 온디바이스 AI 폰 출하량은 2024년 1억대에서 2027년 5억대로 급증하며 향후 4년간 누적 출하량이 11억대에 이를 전망이다. 연평균 출하 성장률은 83%로 일반 스마트폰 출하 성장률(3%)을 25배 상회할 것으로 예상된다. 김 센터장은 ""온디바이스 AI 폰이 스마트폰 시장 반등의 유일한 돌파구로 기대된다""며 ""삼성전자, SK하이닉스 등 메모리 반도체 수요증가와 더불어 팹리스(리벨리온, 사피온) 및 디자인하우스(가온칩스 (93,500원 ▼4,300 -4.40%), 세미파이브) 업체들의 생태계 확장을 이끌 것""이라고 관측했다.                                     김 센터장은 ""온디바이스 AI 폰이 스마트폰 시장 반등의 유일한 돌파구로 기대된다""며 ""삼성전자, SK하이닉스 등 메모리 반도체 수요증가와 더불어 팹리스(리벨리온, 사피온) 및 디자인하우스(가온칩스 (93,500원 ▼4,300 -4.40%), 세미파이브) 업체들의 생태계 확장을 이끌 것""이라고 관측했다.                                    ",머니투데이
2024.01.03.,갤럭시S24 국내 출시일·가격은?... 관련주도 떠올라,"해외에서는 글로벌 미디어, 파트너들에게 발송한 초청장에 있는 별 모양을 주목했다. 이 별 모양은 구글 AI 챗봇 '바드'에 탑재된 거대언어모델(LLM) 제미나이 로고와 비슷한 형태다. 이에 초청장 유출 정보를 입수했던 일부 해외 매체는 구글 AI 비서인 '구글 어시스턴트'와 생성형 AI 바드를 결합한 '어시스턴트 위드 바드'가 갤럭시 신작에 적용되는 것 아니냐는 분석도 나왔다. 가격의 경우 울트라 모델이 전작 대비 인상될 것으로 예상된다. 네덜란드 IT 매체 갤럭시클럽에 따르면 256GB 기준 울트라 모델 가격은 전작 대비 50유로 비싼 ▲1449유로(약 207만원)다. 일반형과 플러스 모델은 256GB 기준 각각 ▲959유로(약 137만원), ▲1149유로(약 164만원)다. 한편 김동원 KB증권 연구원은 “올해부터 삼성, 애플, 구글, 마이크로소프트, 중국 스마트폰 업체들의 온디바이스 AI 폰 출시가 본격화될 것으로 전망한다”며 “온디바이스 AI 폰이 10년 만에 최저 판매량을 기록(2023년 11억4000만대, 전년 비 -6%)한 스마트폰 시장 반등의 유일한 돌파구로 기대되기 때문”이라고 설명했다. 온디바이스 AI 급성장에 따른 수혜주(비상장 포함)도 주목된다. KB증권은 △메모리 반도체 수요 증가 수혜를 받을 삼성전자, SK하이닉스(000660) △온디바이스 AI 관련 팹리스인 리벨리온, 사피온 △디자인하우스 가온칩스(399720)(코스닥), 세미파이브 등이 생태계 확장을 이끌 것으로 내다봤다.  온디바이스 AI 급성장에 따른 수혜주(비상장 포함)도 주목된다. KB증권은 △메모리 반도체 수요 증가 수혜를 받을 삼성전자, SK하이닉스(000660) △온디바이스 AI 관련 팹리스인 리벨리온, 사피온 △디자인하우스 가온칩스(399720)(코스닥), 세미파이브 등이 생태계 확장을 이끌 것으로 내다봤다. ",금강일보
2024.01.03.,"1위 제주반도체 주가·2위 네오셈 주가·3위 파두 주가, 업종별 주식 반도체와 반도체 장비 부문 트렌드지수 1월 1주차 순위","1위 제주반도체 주가는 트렌드지수 12,974점으로 전주 17,652점보다 4,678점 하락했다. 2위 네오셈 주가는 트렌드지수 5,726점으로 전주 9,947점보다 4,221점 하락했다. 3위 파두 주가는 트렌드지수 5,690점으로 전주 7,444점보다 1,754점 하락했다. 4위 어보브반도체 주가는 트렌드지수 5,463점으로 전주 13,911점보다 8,448점 하락했다. 5위 퀄리타스반도체 주가는 트렌드지수 5,406점으로 전주 12,053점보다 6,647점 하락했다. 6위 DB하이텍 주가는 트렌드지수 5,387점, 7위 하나마이크론 주가는 트렌드지수 4,884점, 8위 가온칩스 주가는 트렌드지수 4,569점, 9위 HPSP 주가는 트렌드지수 4,384점, 10위 칩스앤미디어 주가는 트렌드지수 3,966점이다. 6위 DB하이텍 주가는 트렌드지수 5,387점, 7위 하나마이크론 주가는 트렌드지수 4,884점, 8위 가온칩스 주가는 트렌드지수 4,569점, 9위 HPSP 주가는 트렌드지수 4,384점, 10위 칩스앤미디어 주가는 트렌드지수 3,966점이다. 11위 주성엔지니어링 주가, 12위 동진쎄미켐 주가, 13위 에이직랜드 주가, 14위 에이디테크놀로지 주가, 15위 오킨스전자 주가, 16위 SFA반도체 주가, 17위 신성이엔지 주가, 18위 네패스 주가, 19위 리노공업 주가, 20위는 라온텍 주가로 나타났다. 성별 선호도 분석 결과 1위 제주반도체 주가는 남성 72%, 여성 28%, 2위 네오셈 주가는 남성 76%, 여성 24%, 3위 파두 주가는 남성 76%, 여성 24%가 선호하는 것으로 나타났다. 연령별 선호도에서는 제주반도체 주가는 10대 1%, 20대 6%, 30대 14%, 40대 28%, 50대 51%로 나타났다. 랭키파이 트렌드지수는 제주반도체 주가, 제주반도체 목표주가, 제주반도체 채용 등 연관검색어 및 키워드, 트렌드 분석을 통해 수치화한 지표이다. 즐거운 뉴스, 라온신문 RAONNEWS",라온신문
2024.01.03.,비츠로시스 주가 들썩...자회사 상림이엔지 무슨 이슈 있나,"제조공정은 SW, HW의 결합과 설치공사 부분으로 구성된다. 이날 오후 2시 33분 지능형로봇 인공지능(AI) 관련주인 줌인터넷 유진로봇 에스피시스템스 알에프세미 휴림로봇 라온피플 신테카바이오 로보로보 로보스타 큐렉소 TPC 오브젠 알체라 유일로보틱스 오픈베이스 러셀 코난테크놀로지 스맥 링크제니시스  엠로 에이디칩스 우리기술 고영 퍼스텍 커머스마이너 제이엘케이 에브리봇 신성델타테크 핀텔 미래컴퍼니 뷰노 코어라인소프트 이랜시스 바이브컴퍼니 한국전자인증 영우디에스피 싸이맥스 데이타솔루션 노블엠앤비 씨유박스 브레인즈컴퍼니 네패스 삼성에스디에스 루닛 모아데이타 딥노이드 엑셈  뷰노 와이더플래닛 셀바스AI 코난테크놀로지 레인보우로보틱스 제이엘케이 마슴AI 인포마크는 로보티즈 삼성에스디에스  크라우드웍스 가온그룹 에스티큐브 이랜시스 인포마크 와이더플래닛 엠로 위세아이텍 마음AI 솔트룩스 비플라이소프트는 보합내지 크게 출렁 거리고 있다. 이날 오후 2시 33분 지능형로봇 인공지능(AI) 관련주인 줌인터넷 유진로봇 에스피시스템스 알에프세미 휴림로봇 라온피플 신테카바이오 로보로보 로보스타 큐렉소 TPC 오브젠 알체라 유일로보틱스 오픈베이스 러셀 코난테크놀로지 스맥 링크제니시스  엠로 에이디칩스 우리기술 고영 퍼스텍 커머스마이너 제이엘케이 에브리봇 신성델타테크 핀텔 미래컴퍼니 뷰노 코어라인소프트 이랜시스 바이브컴퍼니 한국전자인증 영우디에스피 싸이맥스 데이타솔루션 노블엠앤비 씨유박스 브레인즈컴퍼니 네패스 삼성에스디에스 루닛 모아데이타 딥노이드 엑셈  뷰노 와이더플래닛 셀바스AI 코난테크놀로지 레인보우로보틱스 제이엘케이 마슴AI 인포마크는 로보티즈 삼성에스디에스  크라우드웍스 가온그룹 에스티큐브 이랜시스 인포마크 와이더플래닛 엠로 위세아이텍 마음AI 솔트룩스 비플라이소프트는 보합내지 크게 출렁 거리고 있다. 개인투자자들의 선호주인 유진로봇은 2.72% 내려 1만 1070원에 거래되고 있다. ",핀포인트뉴스
2024.01.04.,와이아이케이 주가에 올라탈까... 차세대 메모리 표준 CXL 기술 검증 성공 부각,[],핀포인트뉴스
2024.01.04.,[종목이슈] 올해 핵심테마는 '온디바이스 AI'…관련주 기대감↑,"[아이뉴스24 황태규 기자] 국내 증권사들이 2024년 주식시장의 핵심테마로 인공지능(AI) 반도체를 꼽은 가운데, 삼성전자를 필두로 한 온디바이스 AI 상품의 등장이 시장의 주목을 끌고 있다. 증권가에서는 스마트폰을 시작으로 하는 온디바이스 AI의 성장이 관련 기업들의 수혜로 이어질 것으로 전망하고 있다.삼성전자를 필두로 한 온디바이스 AI 상품의 등장이 시장의 주목을 끌고 있다. [사진=삼성전자]4일 전자업계에 따르면 삼성전자는 오는 17일 미국 캘리포니아 산호세에서 AI 스마트폰인 '갤럭시 S24'를 공개할 예정이다. S24 글로벌 판매는 1월 30일부터 시작될 것으로 예상되는데, 이는 지난해보다(S23 판매일 : 2월 17일) 약 2주 앞당겨진 날짜다. AI 폰 시장의 선점을 위한 조치로 풀이된다.김동원 KB증권 연구원은 온디바이스 AI 폰 출하량이 2024년 1억 대에서 202년 5억대로 급증하며 4년간 총 11억 대의 출하량을 보일 것으로 예측했다. 그에 따르면 연평균 온디바이스 AI 폰 출하 성장률은 83%로 일반 스마트폰 출하 성장률(3%)을 25배 상회한다.김 연구원은 ""올해는 삼성·애플·구글·마이크로소프트에 중국 스마트폰 업체들까지 온디바이스 AI 폰 출시가 본격화될 전망""이라며 ""기존 스마트폰 시장이 지난 해 11억4000만대 판매로 10년 만에 최저 판매량을 기록한 데 반등의 돌파구가 될 것""이라고 예상했다. 오는 9일 라스베이거스에서 열리는 'CES 2024'에 참가하는 SK하이닉스는 미래 AI 인프라의 핵심인 초고성능 메모리 'HBM3E'에 기반한 'AI 포춘텔러'를 선보인다. 온디바이스 AI 분야의 텔레칩스, 제주반도체, 리노공업 등의 주가도 CES 2024 개최 기대감이 나타나고 있다.또한 AI 기능 탑재는 스마트폰 뿐만이 아닌 자동차, 운반·운송 기구, 농기계에까지 적용되고 있다. 손현정 유안타증권 연구원은 ""농기계에서도 자율주행 트랙터의 등장으로 새로운 패러다임이 탄생했다""며 ""농업이 1차산업에서 로봇 AI 산업으로 변모해 가고 있다""고 말했다.실제 미국의 농기계 제조업체 '존디어'는 온디바이스 AI 기술을 탑재한 완전자율주행 트랙터 로봇을 출시하며 미국 시장에서 로봇주로 주목받고 있다. 국내 농기계 업체들도 글로벌 시장에서 기술 성능과 저렴한 가격경쟁력으로 성장하는 가운데 '대동'과 'TYM' 역시 AI 기술을 장착하며 성장을 기대하고 있다.손 연구원은 ""대동은 자율주행 온디바이스 AI 기술 개발과 비농업 로봇 포트폴리오 확장으로 신정장 동력을 확보했고, TYM 역시 자율주행·텔레매틱스 기술력을 통해 성장 가능성을 높였다""고 설명했다.김 연구원은 ""AI 기능 탑재는 스마트폰 뿐 아니라 PC, 가전, 자동차, 보안, 헬스케어 등 실생활의 다양한 분야로 확산하며 커스터마이징된 AI 칩 수요도 동시에 급증할 것으로 예상된다""며 ""온디바이스 AI 시장 급성장은 삼성전자, SK하이닉스 등 메모리 반도체 수요증가와 더불어 AI 칩 관련된 팹리스(리벨리온, 사피온)·디자인하우스(가온칩스, 세미파이브) 업체들의 생태계 확장과 도약으로 이어질 것""으로 전망했다./황태규 기자(dumpling@inews24.com) 오는 9일 라스베이거스에서 열리는 'CES 2024'에 참가하는 SK하이닉스는 미래 AI 인프라의 핵심인 초고성능 메모리 'HBM3E'에 기반한 'AI 포춘텔러'를 선보인다. 온디바이스 AI 분야의 텔레칩스, 제주반도체, 리노공업 등의 주가도 CES 2024 개최 기대감이 나타나고 있다.또한 AI 기능 탑재는 스마트폰 뿐만이 아닌 자동차, 운반·운송 기구, 농기계에까지 적용되고 있다. 손현정 유안타증권 연구원은 ""농기계에서도 자율주행 트랙터의 등장으로 새로운 패러다임이 탄생했다""며 ""농업이 1차산업에서 로봇 AI 산업으로 변모해 가고 있다""고 말했다.실제 미국의 농기계 제조업체 '존디어'는 온디바이스 AI 기술을 탑재한 완전자율주행 트랙터 로봇을 출시하며 미국 시장에서 로봇주로 주목받고 있다. 국내 농기계 업체들도 글로벌 시장에서 기술 성능과 저렴한 가격경쟁력으로 성장하는 가운데 '대동'과 'TYM' 역시 AI 기술을 장착하며 성장을 기대하고 있다.손 연구원은 ""대동은 자율주행 온디바이스 AI 기술 개발과 비농업 로봇 포트폴리오 확장으로 신정장 동력을 확보했고, TYM 역시 자율주행·텔레매틱스 기술력을 통해 성장 가능성을 높였다""고 설명했다.김 연구원은 ""AI 기능 탑재는 스마트폰 뿐 아니라 PC, 가전, 자동차, 보안, 헬스케어 등 실생활의 다양한 분야로 확산하며 커스터마이징된 AI 칩 수요도 동시에 급증할 것으로 예상된다""며 ""온디바이스 AI 시장 급성장은 삼성전자, SK하이닉스 등 메모리 반도체 수요증가와 더불어 AI 칩 관련된 팹리스(리벨리온, 사피온)·디자인하우스(가온칩스, 세미파이브) 업체들의 생태계 확장과 도약으로 이어질 것""으로 전망했다./황태규 기자(dumpling@inews24.com)",아이뉴스24
2024.01.04.,[오전 급등주 점검] 흥구석유 19% 급등 외...재무 상태는?,"				4일 오전 9시 30분 현재 흥구석유가 전일 대비 19% 급등 중이다. 재무 안전성에선 '별 3개'를 받았다. 한국정밀기계, 한국석유, 일신바이오, 한솔인티큐브, 애드바이오텍 등도 상승 폭이 크다.전일 대비 6% 이상 오른 종목 가운데 재무 안전성에서 '별 다섯 개'를 받은 종목은 일신바이오, 프리엠스, 가온칩스 등 3개다. 				4일 오전 9시 30분 현재 흥구석유가 전일 대비 19% 급등 중이다. 재무 안전성에선 '별 3개'를 받았다. 한국정밀기계, 한국석유, 일신바이오, 한솔인티큐브, 애드바이오텍 등도 상승 폭이 크다.전일 대비 6% 이상 오른 종목 가운데 재무 안전성에서 '별 다섯 개'를 받은 종목은 일신바이오, 프리엠스, 가온칩스 등 3개다.",아이투자
2024.01.04.,가온칩스 주가 춤춘다... 공격적인 연구·개발 투자 주목,[],핀포인트뉴스
2024.01.04.,아이텍 주가 불꽃랠리...아이텍씨앤씨 흡수합병이후 실적개선 '파란불',[],핀포인트뉴스
2024.01.04.,[박종현의 돌파매매] 오늘의 돌파매매 추천주는? '현대비앤지스틸',[],MTN
2024.01.04.,"코스피, 기관 매도에 2,580대까지 밀려…외국인 삼성전자·네이버·에코프로 등 순매수",[],톱스타뉴스
2024.01.04.,"지능형로봇·인공지능(AI) 관련주, '웃음' 모비스·고영·퍼스텍... '한숨' 와이더플래닛·스맥","반면 와이더플래닛, 스맥은 하락했다. 와이더플래닛과 스맥은 전 거래일 대비 각각 1250원, 50원 내린 2만950원과 4180원에 거래됐다. 와이더플래닛과 스맥의 주가 하락률은 각각 5.63%, 1.18% 다. 이외에 인포마크, 크라우드웍스, 영우디에스피, 삼성에스디에스, 핀텔 등은 상승했다. 하지만 로보티즈, 유일로보틱스, 비플라이소프트, 마음AI, 한화에어로스페이스, 네오펙트, 오픈베이스, 브레인즈컴퍼니, 스맥, 라온피플, 줌인터넷 ,데이타솔루션, 러셀, 트윔, 유진로봇, 알에프세미, 미래컴퍼니, 에이디칩스, 에브리봇, 엑셈, 로보로보, 휴림로봇, LG전자, 로보스타, 링크제니시스, 위세아이텍, 솔트룩스, 엠로, 티로보틱스, 바이브컴퍼니, 모아데이타, 코난테크놀로지, 알체라, 가온그룹, 한국전자인증, 오브젠, 큐렉소, 씨유박스, 네패스 등은 하락했다. 하지만 로보티즈, 유일로보틱스, 비플라이소프트, 마음AI, 한화에어로스페이스, 네오펙트, 오픈베이스, 브레인즈컴퍼니, 스맥, 라온피플, 줌인터넷 ,데이타솔루션, 러셀, 트윔, 유진로봇, 알에프세미, 미래컴퍼니, 에이디칩스, 에브리봇, 엑셈, 로보로보, 휴림로봇, LG전자, 로보스타, 링크제니시스, 위세아이텍, 솔트룩스, 엠로, 티로보틱스, 바이브컴퍼니, 모아데이타, 코난테크놀로지, 알체라, 가온그룹, 한국전자인증, 오브젠, 큐렉소, 씨유박스, 네패스 등은 하락했다.",포인트데일리
2024.01.05.,코어라인소프트 주가 '환호성'... 바닥권에서 턴어라운드 예상,"북미, 유럽 등지에서 수요가 예상되어 주요 국가의 대형병원 및 글로벌 의료기기사들을 대상으로 영업을 확대하고 있다. 전 거래일 지능형로봇 인공지능(AI) 관련주인 줌인터넷 유진로봇 에스피시스템스 알에프세미 휴림로봇 라온피플 신테카바이오 로보로보 로보스타 큐렉소 TPC 오브젠 알체라 유일로보틱스 오픈베이스 러셀 코난테크놀로지 스맥 링크제니시스  엠로 에이디칩스 우리기술 고영 퍼스텍 커머스마이너 제이엘케이 에브리봇 신성델타테크 핀텔 미래컴퍼니 뷰노 코어라인소프트 이랜시스 바이브컴퍼니 한국전자인증 영우디에스피 싸이맥스 데이타솔루션 노블엠앤비 씨유박스 브레인즈컴퍼니 네패스 삼성에스디에스 루닛 모아데이타 딥노이드 엑셈  뷰노 와이더플래닛 셀바스AI 코난테크놀로지 레인보우로보틱스 제이엘케이 마슴AI 인포마크는 로보티즈 삼성에스디에스  크라우드웍스 가온그룹 에스티큐브 이랜시스 인포마크 와이더플래닛 엠로 위세아이텍 마음AI 솔트룩스 비플라이소프트는 보합 내지 크게 출렁 거렸다. 전 거래일 지능형로봇 인공지능(AI) 관련주인 줌인터넷 유진로봇 에스피시스템스 알에프세미 휴림로봇 라온피플 신테카바이오 로보로보 로보스타 큐렉소 TPC 오브젠 알체라 유일로보틱스 오픈베이스 러셀 코난테크놀로지 스맥 링크제니시스  엠로 에이디칩스 우리기술 고영 퍼스텍 커머스마이너 제이엘케이 에브리봇 신성델타테크 핀텔 미래컴퍼니 뷰노 코어라인소프트 이랜시스 바이브컴퍼니 한국전자인증 영우디에스피 싸이맥스 데이타솔루션 노블엠앤비 씨유박스 브레인즈컴퍼니 네패스 삼성에스디에스 루닛 모아데이타 딥노이드 엑셈  뷰노 와이더플래닛 셀바스AI 코난테크놀로지 레인보우로보틱스 제이엘케이 마슴AI 인포마크는 로보티즈 삼성에스디에스  크라우드웍스 가온그룹 에스티큐브 이랜시스 인포마크 와이더플래닛 엠로 위세아이텍 마음AI 솔트룩스 비플라이소프트는 보합 내지 크게 출렁 거렸다. 유진로봇은 1.17% 내려 1만 950원에 거래를 마감했다.",핀포인트뉴스
2024.01.05.,"[삼성전자 흑자의 시간] '갤럭시S24 AI' 판매량, 실적 이끌 Key","삼성전자 관계자는 ""서버를 거치지 않고 기기에 탑재된 AI가 직접 통역하는 만큼 별도 앱을 설치할 필요가 없어 편리하고, 통화 내용이 클라우드 등 외부 서버로 새지 않아 보안 측면에서도 뛰어나다""고 강조했다. 업계에서는 이번 갤럭시 S24가 온디바이스 AI의 신호탄이 될 것이라며 긍정적으로 보고 있다. 온디바이스 AI폰 출하량도 올해 1억대에서 2027년 5억대로 급증하며 향후 4년간 누적 출하량이 11억대에 이를 것으로 전망하고 있다. 온디바이스 AI폰 연평균 출하 성장률도 83%로 일반 스마트폰 출하 성장률(3%)을 25배 상회할 것으로 예상 중이다.  김동원 KB증권 연구원은 ""온디바이스 AI 폰은 10년 만에 최저 판매량을 기록한 스마트폰 시장 반등의 유일한 돌파구가 될 것""이라며 ""2027년 AI 스마트폰 출하량은 5억2000만대로 2023년(4600만대) 대비 11배 급증하고, 2027년 AI 스마트폰 보급률도 40%에 달해 2023년 4% 대비 10배 증가할 것으로 추정된다""고 밝혔다.  시장조사업체 카날리스도 올해 전 세계 스마트폰 출하량을 올해보다 4% 늘어난 11억7000만대로 예상했다. 재작년부터 2년 연속 뒷걸음질친 글로벌 스마트폰 시장이 본격적인 반등세로 돌아설 것이라는 분석이다. 특히 AI 기능을 갖춘 프리미엄 제품의 비중은 5%인 6000만대가 될 전망이다.  실제 올해 삼성전자 이외에도 애플, 구글, 마이크로소프트, 중국 스마트 폰 업체들의 온디바이스 AI 폰 출시가 본격화 된다. 콜럼비아 대학교와 AI를 공동 개발 중인 애플도 9월 아이폰16에 생성형 AI를 탑재할 것으로 추정된다.  구글 '픽셀8 프로'는 비디오 부스트와 유사한 동영상용 AI 처리 기능이 탑재될 것으로 보인다. AI 기술로 저조도 영상을 개선하고 일부 동영상의 안정성과 노출을 개선하는 식이다. 전화 통화에서 언급된 중요 정보를 기기로 가져와 관련된 작업 목록을 생성하는 기능도 거론된다. 스마트폰 뿐 아니라 AI PC 수요도 늘어날 것으로 보인다. 최근 인텔이 출시한 코어 울트라(Core Ultra) 칩 '메테오 레이크'는 저전력과 그래픽 성능을 대폭 향상시켜 AI PC 시대를 앞당길 것으로 보인다. 김 연구원은 ""내년 상반기부터 40개 글로벌 PC 업체들은 인텔 메테오 레이크를 탑재한 PC 250종 이상을 출시할 것으로 예상된다""면서 ""2025년 예정된 윈도우 10 업데이트 지원 종료와 더불어 PC 교체 수요를 앞당길 것""이라고 전망했다.  한편 PC, 가전, 자동차, 보안, 헬스케어 등 실생활의 다양한 분야로 확산되며 커스터마이징(맞춤제작)된 AI 칩 관련 팹리스(리벨리온, 사피온) 및 디자인하우스(가온칩스, 세미파이브) 업체들의 생태계 확장을 이끌 것으로 예상된다. 서버 대신 기기 자체에 생성형 AI 기능을 탑재하는 특성상 대용량 데이터를 저장할 수 있는 고용량·고성능 낸드가 필수인 만큼 그간 부진했던 낸드 수요도 늘어날 전망이다. 한편 PC, 가전, 자동차, 보안, 헬스케어 등 실생활의 다양한 분야로 확산되며 커스터마이징(맞춤제작)된 AI 칩 관련 팹리스(리벨리온, 사피온) 및 디자인하우스(가온칩스, 세미파이브) 업체들의 생태계 확장을 이끌 것으로 예상된다. 서버 대신 기기 자체에 생성형 AI 기능을 탑재하는 특성상 대용량 데이터를 저장할 수 있는 고용량·고성능 낸드가 필수인 만큼 그간 부진했던 낸드 수요도 늘어날 전망이다. 업계 관계자는 ""AI 시장은 AI 서버, 온디바이스 AI 등 투트랙으로 서비스가 분화될 것""이라며 ""삼성전자, SK하이닉스 등 메모리 반도체의 수요 증가를 이끄는 동시에 팹리스, 디자인하우스, 인터페이스 업체 등 AI 반도체 생태계도 의미 있는 성장을 시작하는 원년이 될 전망""이라고 전했다. 김민기 기자 peniel@dealsite.co.kr ⓒ새로운 눈으로 시장을 바라봅니다. 딜사이트 무단전재 배포금지",딜사이트
2024.01.05.,"가온칩스, 신입사원 60명 공개채용…경쟁률 13:1",[],디일렉
2024.01.08.,‘메모리’ 시장의 3배 규모… ‘시스템 반도체’ 도 강국 도약한다[ICT],"정부가 시스템 반도체 육성 전략을 내달 공개할 예정인 가운데, 글로벌 시스템 반도체 시장에서 국내 기업들의 시장 점유율이 고작 2∼3%에 그친 것으로 나타났다. 반도체 업계에서는 시스템 반도체 육성이 절실하다는 목소리가 커지고 있다.  8일 관련 업계에 따르면 정부는 오는 2월 중 시스템 반도체에 대한 투자·육성을 통해 글로벌 시장을 선도하겠다는 계획을 발표할 방침이다. 반도체 시장은 크게는 우리나라 삼성전자와 SK하이닉스가 강점을 보이는 메모리 반도체와 시스템 반도체로 나뉜다. 정보를 저장하는 메모리 반도체와 달리 디지털화한 전기적 데이터의 연산 및 제어·변환·가공 등의 처리기능을 수행하는 시스템 반도체는 4차 산업혁명 시대 인공지능(AI)·사물인터넷(IoT)·자율주행차 등의 핵심 부품으로 활용된다. 한국무역협회에 따르면 지난 2022년 기준 전 세계 반도체 시장(5957억 달러)은 메모리 반도체가 약 24%(1440억 달러), 시스템 반도체가 약 61%(3605억 달러)로, 시스템 반도체 시장이 메모리 반도체의 약 3배에 달하는 것으로 나타났다. 한국반도체산업협회가 분석한 시스템 반도체 국가별 시장 점유율은 우리나라가 3.0%로, 미국(70%)의 20분의 1에도 못 미친다. 일본(5.6%)의 2분의 1 정도이자, 중국·홍콩(5.2%)의 2분의 1 수준에 불과하다.  시스템 반도체 생태계는 반도체 설계자산(IP) 기업→팹리스(반도체 설계 전문 기업)→디자인하우스→파운드리(반도체 위탁생산)→후공정으로 이뤄지는데, 국내 시스템 반도체 생태계는 삼성전자 파운드리를 제외하고는 각 프로세스에서 대표 기업이 없는 것이 현실이다. 시스템 반도체 생태계 내의 한국 기업들은 IP 기업 중에서는 오픈엣지테크놀로지와 칩스앤미디어, 퀄리타스반도체 등이 있다. 팹리스로는 텔레칩스, 퓨리오사AI, 리벨리온, 사피온, 딥엑스 등이 손꼽히며 디자인하우스로는 에이직랜드, 에이디테크놀로지, 가온칩스가, 후공정 분야는 하나마이크론, SFA반도체 등이 있다. 기업 규모 면에서 대부분 스타트업 혹은 중소기업 수준에 그친다. 시스템 반도체 생태계는 반도체 설계자산(IP) 기업→팹리스(반도체 설계 전문 기업)→디자인하우스→파운드리(반도체 위탁생산)→후공정으로 이뤄지는데, 국내 시스템 반도체 생태계는 삼성전자 파운드리를 제외하고는 각 프로세스에서 대표 기업이 없는 것이 현실이다. 시스템 반도체 생태계 내의 한국 기업들은 IP 기업 중에서는 오픈엣지테크놀로지와 칩스앤미디어, 퀄리타스반도체 등이 있다. 팹리스로는 텔레칩스, 퓨리오사AI, 리벨리온, 사피온, 딥엑스 등이 손꼽히며 디자인하우스로는 에이직랜드, 에이디테크놀로지, 가온칩스가, 후공정 분야는 하나마이크론, SFA반도체 등이 있다. 기업 규모 면에서 대부분 스타트업 혹은 중소기업 수준에 그친다. 정부는 그간 시스템 반도체 분야 육성을 위해 고민해왔다. 정부는 2022년 12월 전국 지방자치단체를 대상으로 반도체·2차전지·디스플레이 등 첨단산업 단지를 공모해 모두 7곳을 선정했다. 그중 반도체특화단지로 선정된 곳은 경기 용인·평택시, 경북 구미시 등 3개 지역이다. 산업통상자원부는 ‘2023년도 글로벌 스타 팹리스 30 기술개발 지원사업’을 통해 글로벌 팹리스 육성을 위한 프로젝트로 스타 팹리스로 선정된 기업들의 연구·개발(R&D)을 지원하고, 시제품 제작 및 금융, 국내외 마케팅, 설계 인력 육성 등 반도체 지원 정책의 우대 기준을 적용했다. 또, 앞서 선정한 용인 첨단 시스템 반도체 클러스터를 2042년까지 조성해 삼성전자의 파운드리와 첨단 메모리 반도체 공장 5곳을 구축하고, 팹리스·소부장(소재·부품·장비) 기업 최대 150곳이 입주해 한국의 반도체 생산 능력을 확대할 계획이다.  파운드리 사업은 고객사인 팹리스들이 선택할 수 있는 충분한 반도체 IP 확보가 핵심 경쟁력이다. 지난해 6월 삼성전자는 IP 포트폴리오 강화를 선포하며 해외 유수의 IP 기업인 시높시스, 케이던스 및 우리나라의 오픈엣지테크놀로지 등과 협력을 통해 IP 포트폴리오를 확대할 예정이라고 밝힌 바 있다. 삼성 파운드리를 제치고 업계 2위 자리를 노리고 있는 인텔 파운드리 역시 시스템 반도체 생태계 구축을 위한 움직임들을 보이고 있다. 반도체 업계 관계자는 “당장은 시스템 반도체 기업이 개발 및 생산을 위해서는 많은 프로세스에서 해외 기업과 협력해야 한다”며 “현재 국내 시스템 반도체는 반도체를 상업화하더라도 해외 의존도가 높아 한국 기업이 얻는 수익이 적을 수밖에 없는 구조”라고 말했다. 시스템 반도체 생태계는 한 분야가 독보적인 경쟁력을 갖춘다고 하더라도 다른 분야가 뒷받침되지 않으면 결국 완성도 있는 칩을 제작하기 위해서는 해외 기업의 기술이나 제품을 사용하는 것이 불가피하다. 업계 관계자는 “삼성전자 같은 칩 제조사가 칩을 만들어 판매하더라도 상당 부분의 이익이 해외로 유출되고, 해외 기업은 그 수익으로 우수한 인재를 발굴해 경쟁력을 더욱 강화할 수 있다”며 “국내에선 큰 수익을 창출하기 어렵고, 우수 인력 영입의 어려움이 이어지는 등 악순환의 고리가 계속된다”고 했다. 반도체 업계 관계자는 “메모리 반도체는 경기 흐름을 타기 때문에 메모리 반도체 시장 업황에 따라 메모리 반도체 시장 의존도가 큰 한국 경제가 출렁이기 쉽다. 지난해까지 업계가 힘든 시기를 보낸 것도 이 때문”이라며 “반면, 시스템 반도체는 메모리 반도체에 비해 업황에 크게 좌우되지 않는다는 점에서 안정적일 수 있다”고 말했다.  이승주 기자 sj@munhwa.com							",문화일보
2024.01.08.,바이브컴퍼니 주가 껑충...초거대 인공지능 부각 왜?,"수백억, 수천억 개의 데이터를 학습하여 인간의 지능 수준에 가까운 판단과 문제 해결 능력을 갖추게 된다. 바이브컴퍼니는 자체 AI 기술을 기반으로 초거대 AI, 빅데이터 플랫폼 사업 등 AI와 빅데이터 관련 다양한 사업을 영위하고 있으며, 제품별로는 바이브 서치, 바이브 챗봇 등 VAIV Assistant와 썸트렌드가 있다. 지난해 정부가 추진하는 '민간의 초거대 첨단 AI 활용사업'의 공급기업으로 선정됐다. 오전 9시 32분 지능형로봇 인공지능(AI) 관련주인 오브젠 줌인터넷 유진로봇 에스피시스템스 알에프세미 휴림로봇 라온피플 신테카바이오 로보로보 로보스타 큐렉소 TPC 오브젠 알체라 유일로보틱스 오픈베이스 러셀 코난테크놀로지 스맥 링크제니시스  엠로 에이디칩스 우리기술 고영 퍼스텍 커머스마이너 제이엘케이 에브리봇 신성델타테크 핀텔 미래컴퍼니 뷰노 코어라인소프트 이랜시스 바이브컴퍼니 한국전자인증 영우디에스피 싸이맥스 데이타솔루션 노블엠앤비 씨유박스 브레인즈컴퍼니 네패스 삼성에스디에스 루닛 모아데이타 딥노이드 엑셈  뷰노 와이더플래닛 셀바스AI 코난테크놀로지 레인보우로보틱스 제이엘케이 마슴AI 인포마크는 로보티즈 삼성에스디에스  크라우드웍스 가온그룹 에스티큐브 이랜시스 인포마크 와이더플래닛 엠로 위세아이텍 마음AI 솔트룩스 비플라이소프트는 보합 내지 크게 출렁 거리고 있다. 오전 9시 32분 지능형로봇 인공지능(AI) 관련주인 오브젠 줌인터넷 유진로봇 에스피시스템스 알에프세미 휴림로봇 라온피플 신테카바이오 로보로보 로보스타 큐렉소 TPC 오브젠 알체라 유일로보틱스 오픈베이스 러셀 코난테크놀로지 스맥 링크제니시스  엠로 에이디칩스 우리기술 고영 퍼스텍 커머스마이너 제이엘케이 에브리봇 신성델타테크 핀텔 미래컴퍼니 뷰노 코어라인소프트 이랜시스 바이브컴퍼니 한국전자인증 영우디에스피 싸이맥스 데이타솔루션 노블엠앤비 씨유박스 브레인즈컴퍼니 네패스 삼성에스디에스 루닛 모아데이타 딥노이드 엑셈  뷰노 와이더플래닛 셀바스AI 코난테크놀로지 레인보우로보틱스 제이엘케이 마슴AI 인포마크는 로보티즈 삼성에스디에스  크라우드웍스 가온그룹 에스티큐브 이랜시스 인포마크 와이더플래닛 엠로 위세아이텍 마음AI 솔트룩스 비플라이소프트는 보합 내지 크게 출렁 거리고 있다. 유진로봇은 0.71% 내려 1만 1140원에 거래를 마감했다. ",핀포인트뉴스
2024.01.08.,"""CES 개막 하루 앞으로""…증시 수혜주는","[안동=뉴시스] 지난해 CES 현장. (사진=경북도 제공) 2024.01.02 *재판매 및 DB 금지[서울=뉴시스] 김경택 기자 = 세계 최대 ICT 전시회 국제전자제품박람회(CES) 2024 개막을 하루 앞두고 증권가에서 수혜 업종으로 반도체에 주목하고 있다. 이번 CES의 주요 화두가 'AI(인공지능)'인 만큼, 이와 관련해 연관성이 뚜렷한 반도체 밸류체인 전반이 수혜를 볼 것으로 전문가들은 예상했다.  8일 관련 업계에 따르면 CES 2024는 미국 라스베이거스에서 현지시간으로 오는 9일부터 12일까지 진행된다. '올 온 (ALL ON)'을 주제로 15만명이 참석할 예정이며 이는 지난 2020년(18만명) 이후 역대 최대 규모다.  핵심 테마는 단연 AI다. 전 산업에 대한 AI의 융합, 생활 속과 밀접한 AI 기술이 화두가 될 전망이다. 실제 이번 CES 참가 기업 4300개 중 21%(900개)가 AI 전시로 직접 등록했지만 AI 관련된 자율주행, 로봇, 스마트 홈, 헬스케어 등 전 산업을 고려하면 참가 기업의 절반 이상인 53%(2300개)가 AI 관련 업체인 것으로 추정되고 있다. 국내 주요 증권사들 역시 AI에 주목하고 있다. 지난해 생성형 AI 등장 이후 AI 관련 기술과 제품이 전 세계 기업들의 최대 관심사로 부상했기 때문이다. 그중에서도 스마트 기기에 장착되는 '온디바이스 AI'에 주목해야 하며 이는 곧 반도체 업종의 수혜와 직결될 것이란 분석이 잇따르고 있다.  김동원 KB증권 연구원은 ""온디바이스 AI는 올해부터 스마트폰, PC, 가전, 자율주행차, 로봇, CCTV 보안, 금융, 의료 등 모든 산업에 활용될 전망""이라며 ""이는 반도체 생태계 탄력적인 성장 기회""라고 설명했다.  클라우드 연결 없이 기기 자체에 생성형 AI를 탑재하는 온디바이스 AI는 클라우드 대비 성능은 부족하지만 개별 기기에서 최적화된 맞춤형 데이터 제공이 가능하고 보안 강화에도 유리해 AI 확장과 성장의 촉매가 될 것으로 보인다.  김 연구원은 ""온디바이스 AI는 ▲중장기적으로 D램, 낸드 탑재량을 2배 이상 증가시켜 삼성전자, SK하이닉스 메모리 반도체 출하 증가에 긍정적 영향을 미치고, ▲전 산업의 응용처 확대로 GPU(그래픽처리장치)를 보완할 개별 맞춤형 NPU(신경망처리장치) 수요 증가로 이어질 것""이라며 ""가온칩스, 칩스앤미디어, 에이직랜드, 오픈엣지테크놀로지, 퀄리타스반도체 등 시스템 반도체 생태계 (IP·팹리스·디자인하우스·파운드리)에도 탄력적인 성장 기회를 제공할 것으로 예상된다""고 내다봤다. 김 연구원은 ""온디바이스 AI는 ▲중장기적으로 D램, 낸드 탑재량을 2배 이상 증가시켜 삼성전자, SK하이닉스 메모리 반도체 출하 증가에 긍정적 영향을 미치고, ▲전 산업의 응용처 확대로 GPU(그래픽처리장치)를 보완할 개별 맞춤형 NPU(신경망처리장치) 수요 증가로 이어질 것""이라며 ""가온칩스, 칩스앤미디어, 에이직랜드, 오픈엣지테크놀로지, 퀄리타스반도체 등 시스템 반도체 생태계 (IP·팹리스·디자인하우스·파운드리)에도 탄력적인 성장 기회를 제공할 것으로 예상된다""고 내다봤다. 김정윤 대신증권 연구원도 ""이번 CES 기간 동안 AI 테마 투자 관련해서 가장 주목해야 할 일정은 한국시간으로 9일 새벽 1시 엔비디아(NVIDIA) 특별 발표, 9일 오전 7시 삼성 미디어 데이, 10일 오전 10시 인텔 CEO 기조연설, 11일 오전 7시 퀄컴 CEO 기조연설 등""이라며 ""특히 삼성은 '모두를 위한 AI: 일상 속 똑똑한 초연결 경험'을 주제로 미디어 데이를 진행할 예정으로 CES 뿐만 아니라 생성형 AI '가우스'가 탑재된 신제품 발표가 예상되는 언팩 행사(17일)도 앞두고 있기 때문에 그 전까지 온디바이스 AI테마가 계속해서 부각될 것""이라고 예상했다. 오는 17일 공개될 세계 첫 메이저 온디바이스 AI 폰인 갤럭시 S24는 지난 2016년 갤럭시 S7 이후 8년 만에 최대 판매량(3600만대)이 추정돼 향후 2년 간 점유율 55%로 향후 온디바이스 AI폰 시장 확대를 주도할 전망이다. 한편 전장 및 모빌리티 업종에 대한 관심도 높아질 전망이다. LG전자는 이번 CES에서 차세대 모빌리티 콘셉트인 '알파블'을 구현한 콘셉트카와 콕핏 플랫폼 등을 공개할 예정이며 현대차는 '수소와 소프트웨어로의 대전환'을 화두로 삼았고, 기아는 PBV(목적기반차량)의 미래 비전을 공개할 예정이다.",뉴시스
2024.01.08.,드래곤플라이 주가 벌떡...캐릭터 사생 대회 주목,[],핀포인트뉴스
2024.01.08.,"1위 제주반도체 주가, 2위 네오셈 주가, 3위 SFA반도체 주가... 1월 2주차 업종별 주식 반도체와 반도체장비 부문 트렌드지수 순위 발표","1위 제주반도체 주가는 트렌드지수 36,243점으로 전주 12,974점보다 23,269점 상승했다. 2위 네오셈 주가는 트렌드지수 17,534점으로 전주 5,726점보다 11,808점 상승했다. 3위 SFA반도체 주가는 트렌드지수 11,675점으로 전주 3,107점보다 8,568점 상승했다. 4위 퀄리타스반도체 주가는 트렌드지수 10,381점으로 전주 5,406점보다 4,975점 상승했다. 5위 어보브반도체 주가는 트렌드지수 7,740점으로 전주 5,463점보다 2,277점 상승했다. 6위 DB하이텍 주가는 트렌드지수 7,183점, 7위 파두 주가는 트렌드지수 7,178점, 8위 동진쎄미켐 주가는 트렌드지수 7,133점, 9위 칩스앤미디어 주가는 트렌드지수 6,916점, 10위 오킨스전자 주가는 트렌드지수 6,092점이다. 11위 네패스 주가, 12위 하나마이크론 주가, 13위 HPSP 주가, 14위 가온칩스 주가, 15위 주성엔지니어링 주가, 16위 리노공업 주가, 17위 신성이엔지 주가, 18위 에이직랜드 주가, 19위 원익QNC 주가, 20위는 젬백스 주가로 나타났다. 11위 네패스 주가, 12위 하나마이크론 주가, 13위 HPSP 주가, 14위 가온칩스 주가, 15위 주성엔지니어링 주가, 16위 리노공업 주가, 17위 신성이엔지 주가, 18위 에이직랜드 주가, 19위 원익QNC 주가, 20위는 젬백스 주가로 나타났다.",CWN
2024.01.08.,[특징주] 가온칩스 주가 6.02% 하락 '털썩'...시가총액 400억 '증발',"[핀포인트뉴스 한강희 기자] 가온칩스 주가가 큰 폭으로 하락하면서 시가총액 400억원 이상 줄어들었다.  [핀포인트뉴스 한강희 기자] 가온칩스 주가가 큰 폭으로 하락하면서 시가총액 400억원 이상 줄어들었다.  8일 한국거래소에 따르면 가온칩스 주가는 이날 5만4600원에 마감하면서 지난 5일 종가 5만8100원과 비교해 6.02%(3500원) 하락한 것으로 나타났다.  가온칩스의 시가총액도 하루동안 402억원 감소해 6273억원을 기록했다.  이날 가온칩스 전체 거래량은 39만7411주를 기록했는데 이는 전일 거래량 46만7773주의 0.8배 가까운 규모에 해당한다.  한편, 최근 6개월간 이 종목의 월별 등락률은 다음과 같다.  2023년 7월 56.37%, 8월 -9.27%, 9월 -16.5%, 10월 -14.52%, 11월 61.32%, 12월 11.5%, 2024년 1월 -4.55% ",핀포인트뉴스
2024.01.09.,그린리소스 주가 다시 불끈...초전도체 개발 계획 부각,[],핀포인트뉴스
2024.01.09.,"지능형로봇·인공지능(AI) 관련주, '웃음' 비플라이소프트·스맥·알에프세미·바이브컴퍼니·마음AI... '한숨' 티로보틱스·고영·퍼스텍","셀바스AI와 티로보틱스는 전 거래일 대비 각각 350원 1000원 내린 2만1850원과 2만400원에 장을 마감했다. 셀바스AI와 티로보틱스의 주가 하락률은 각각 1.58%, 4.67% 다. 고영과 퍼스텍은 전 거래일 대비 각각 500원, 20원 내린 1만7200원과 3355원에 거래됐다. 고영과 퍼스텍의 주가 하락률은 각각 2.82%, 0.59% 다. 이외에 위세아이텍, 크라우드웍스, 브레인즈컴퍼니, 삼성에스디에스, 링크제니시스, 씨유박스, 네패스, 가온그룹, 오브젠, 알체라, 데이타솔루션, 한국전자인증, 라온피플, 오픈베이스, 영우디에스피, 러셀, 미래컴퍼니, 에이디칩스, 에브리봇, 큐렉소, 핀텔, 코난테크놀로지, 로보로보, LG전자, 트윔 등은 상승했다. 이외에 위세아이텍, 크라우드웍스, 브레인즈컴퍼니, 삼성에스디에스, 링크제니시스, 씨유박스, 네패스, 가온그룹, 오브젠, 알체라, 데이타솔루션, 한국전자인증, 라온피플, 오픈베이스, 영우디에스피, 러셀, 미래컴퍼니, 에이디칩스, 에브리봇, 큐렉소, 핀텔, 코난테크놀로지, 로보로보, LG전자, 트윔 등은 상승했다. 하지만 유일로보틱스, 유진로봇, 휴림로봇, 로보스타, 엠로, 네오펙트, 한화에어로스페이스, 와이더플래닛, 로보티즈, 인포마크 등은 하락했다.",포인트데일리
2024.01.09.,'AI에 투명 TV까지' CES 개봉박두…수혜株 전략은?,[],이데일리언론사 선정
2024.01.09.,1위 제주반도체 주가·2위 퀄리타스반도체 주가·3위 삼성전기 주가 1월 2주차 테마별 주식 온디바이스 AI 부문 트렌드지수 순위 발표,"3위 삼성전기 주가는 트렌드지수 8,961포인트로 전주 5,885포인트보다 3,076포인트 상승했다. 4위 대덕전자 주가는 트렌드지수 8,949포인트로 전주 4,553포인트보다 4,396포인트 상승했다. 5위 칩스앤미디어 주가는 트렌드지수 6,916포인트로 전주 3,966포인트보다 2,950포인트 상승했다. 6위 심텍 주가는 트렌드지수 5,877포인트로 전주 3,253포인트보다 2,624포인트 상승했다. 7위 HPSP 주가는 트렌드지수 5,852포인트로 전주 4,384포인트보다 1,468포인트 상승했다. 8위 네패스 주가는 트렌드지수 5,840포인트로 전주 2,427포인트보다 3,413포인트 상승했다. 9위 텔레칩스 주가는 트렌드지수 5,461포인트로 전주 5,204포인트보다 257포인트 상승했다. 10위 가온칩스 주가는 트렌드지수 4,868포인트로 전주 4,569포인트보다 299포인트 상승했다. 10위 가온칩스 주가는 트렌드지수 4,868포인트로 전주 4,569포인트보다 299포인트 상승했다. 11위 리노공업 주가, 12위 태성 주가, 13위 에이디테크놀로지 주가, 14위 네패스아크 주가로 나타났다.",스타데일리뉴스
2024.01.09.,"1위 엔씨소프트 주가, 2위 텔레칩스 주가, 3위 위지윅스튜디오 주가... 1월 2주차 테마별 주식 증강현실(AR) 부문 트렌드지수 순위 발표","1위 엔씨소프트 주가는 트렌드지수 10,259점으로 전주 8,419점보다 1,840점 상승했다. 2위 텔레칩스 주가는 트렌드지수 4,936점으로 전주 5,204점보다 268점 하락했다. 3위 위지윅스튜디오 주가는 트렌드지수 2,997점으로 전주 2,652점보다 345점 상승했다. 4위 라온텍 주가는 트렌드지수 2,138점으로 전주 2,161점보다 23점 하락했다. 5위 덱스터 주가는 트렌드지수 1,610점으로 전주 1,265점보다 345점 상승했다. 6위 이노시뮬레이션 주가는 트렌드지수 1,556점, 7위 엠게임 주가는 트렌드지수 1,497점, 8위 아이엠 주가는 트렌드지수 1,226점, 9위 비유테크놀러지 주가는 트렌드지수 1,146점, 10위 맥스트 주가는 트렌드지수 1,029점이다. 11위 드래곤플라이 주가, 12위 이랜텍 주가, 13위 팅크웨어 주가, 14위 버넥트 주가, 15위 세코닉스 주가, 16위 에스넷 주가, 17위 가온그룹 주가, 18위 젬백스링크 주가, 19위 신도기연 주가, 20위는 디모아 주가로 나타났다. 11위 드래곤플라이 주가, 12위 이랜텍 주가, 13위 팅크웨어 주가, 14위 버넥트 주가, 15위 세코닉스 주가, 16위 에스넷 주가, 17위 가온그룹 주가, 18위 젬백스링크 주가, 19위 신도기연 주가, 20위는 디모아 주가로 나타났다.",CWN
2024.01.09.,제주반도체 주가 두둥실...온디바이스 AI 열풍 수혜 부각,[],핀포인트뉴스
2024.01.09.,가온칩스 주가 날라갈까...올해부터 반도체 경기 본격 회복 기대,[],핀포인트뉴스
2024.01.09.,"[개장시황] CPI 앞두고 美증시 강세, 국내증시도 상승… 코스피 0.9%↑","딜링룸 전경. [사진=연합뉴스 제공] 라이센스뉴스 = 박정경 기자 | 지난해 12월 소비자물가지수(CPI) 발표를 앞두고 애플과 엔비디아 등 기술주가 반등하며 뉴욕증시가 강세를 보였다. 이 가운데 9일 국내증시도 상승 출발했다. 코스피는 이날 오전 9시 7분 기준 23.77포인트(+0.93%) 상승한 2591.59로 올랐다. 유가증권시장에선 개인과 외국인이 각각 356억원, 302억원 순매도 중인 가운데, 기관이 홀로 658억원 순매수하고 있다. 코스피 업종별 등락률에선 케이씨텍(+4.59%), 디아이(+2.49%) 등 의료정밀 업종이 상승했다. 이어 한국전력(+2.64%), 지역난방공사(+1.36%), JW중외제약(+3.12%), 부광약품(+2.64%) 등 전기·가스, 의약품 업종이 강세를 보이고 있다. 코스닥 시장은 같은 시각 기준 9.76포인트(+1.10%) 오른 889.10으로 상승했다. 코스닥 시장에선 개인과 기관이 각각 55억원, 152억원 순매수 중인 가운데, 외국인이 홀로 171억원 순매도하고 있다. 코스닥 업종별 등락률은 빛샘전자(+21.08%), 가온칩스(+12.09%), 나노신소재(+9.71%), 씨앤씨인터내셔널(+4.15%) 등 반도체, 화학 업종 등이 올랐다. 코스닥 업종별 등락률은 빛샘전자(+21.08%), 가온칩스(+12.09%), 나노신소재(+9.71%), 씨앤씨인터내셔널(+4.15%) 등 반도체, 화학 업종 등이 올랐다.",라이센스뉴스
2024.01.09.,"가온칩스, 급락 하루만에 15% 급등…52주 최고가 경신",[],이코노뉴스
2024.01.09.,"[종합] 코스피, 2600포인트 탈환 시도…1%대 상승 출발","코스피 지수가 2600포인트 회복을 시도하며 상승 출발했다. 9일 코스피지수는 전 거래일 대비 30.49포인트(1.19%) 오른 2598.31에 개장했다. 장 초반 개인과 외국인은 각각 574억 원, 313억 원 순매도하고 있고, 기관은 914억 원 순매수하고 있다.코스피는 최근 4거래일 하락에 따른 매수세 유입 속 뉴욕 연방은행의 기대인플레이션 하락, 유가 급락 등에 따른 미국 증시 강세 효과에 힘입어 반등에 나섰다.업종 측면에서는 AI, 반도체 관련주들로의 수급 집중 여부가 관전 포인트로 꼽힌다. 이날부터 CES 2024가 시작되고 있는 가운데, 엔비디아가 가정용 AI 칩 공개로 인해 신고가를 경신하는 등 미국 증시에서 AMD, 마이크론 등 AI 관련주들이 동반 강세를 연출했다.한지영‧김지현 키움증권 연구원은 ""삼성전자 잠정실적도 대기하고 있는 만큼, 이날 국내 증시는 AI, 반도체 관련주 주가 변화가 전반적인 증시 방향성에 영향을 줄 것으로 전망한다""고 했다.업종별로 살펴보면 전기가스업(1.97%), 의약품(1.66%), 의료정밀(1.55%), 서비스업(1.33%), 보험(1.27%), 증권(1.24%), 금융업(1.13%) 등 대부분 업종이 오름세다.시가총액 상위 종목 중에서는 한진칼(4.88%), 한화솔루션(4.49%), 카카오페이(3.65%), 한미반도체(3.10%), 셀트리온(2.91%), 카카오(2.80%), 카카오뱅크(2.70%) 등이 강세다.HMM(-1.69%), 에코프로머티(-1.39%) 등은 약세다.코스닥지수는 전 거래일 대비 6.76포인트(0.77%) 오른 886.10에 개장했다.개인과 외국인은 각각 143억 원, 101억 원 순매도하고 있고, 기관은 317억 원 순매수하고 있다.시총 상위 종목 중에서는 가온칩스(11.54%), 나노신소재(9.27%), ISC(8.45%), 아이티엠반도체(7.68%), 제주반도체(7.44%), 와이아이케이(5.68%), 레고켐바이오(5.42%), 리노공업(4.84%) 등이 강세다.LS머트리얼즈(-4.17%), 아프리카TV(-2.02%), 파두(-1.70%), JYP엔터(-1.54%) 등은 약세다. 9일 코스피지수는 전 거래일 대비 30.49포인트(1.19%) 오른 2598.31에 개장했다. 장 초반 개인과 외국인은 각각 574억 원, 313억 원 순매도하고 있고, 기관은 914억 원 순매수하고 있다.코스피는 최근 4거래일 하락에 따른 매수세 유입 속 뉴욕 연방은행의 기대인플레이션 하락, 유가 급락 등에 따른 미국 증시 강세 효과에 힘입어 반등에 나섰다.업종 측면에서는 AI, 반도체 관련주들로의 수급 집중 여부가 관전 포인트로 꼽힌다. 이날부터 CES 2024가 시작되고 있는 가운데, 엔비디아가 가정용 AI 칩 공개로 인해 신고가를 경신하는 등 미국 증시에서 AMD, 마이크론 등 AI 관련주들이 동반 강세를 연출했다.한지영‧김지현 키움증권 연구원은 ""삼성전자 잠정실적도 대기하고 있는 만큼, 이날 국내 증시는 AI, 반도체 관련주 주가 변화가 전반적인 증시 방향성에 영향을 줄 것으로 전망한다""고 했다.업종별로 살펴보면 전기가스업(1.97%), 의약품(1.66%), 의료정밀(1.55%), 서비스업(1.33%), 보험(1.27%), 증권(1.24%), 금융업(1.13%) 등 대부분 업종이 오름세다.시가총액 상위 종목 중에서는 한진칼(4.88%), 한화솔루션(4.49%), 카카오페이(3.65%), 한미반도체(3.10%), 셀트리온(2.91%), 카카오(2.80%), 카카오뱅크(2.70%) 등이 강세다.HMM(-1.69%), 에코프로머티(-1.39%) 등은 약세다.코스닥지수는 전 거래일 대비 6.76포인트(0.77%) 오른 886.10에 개장했다.개인과 외국인은 각각 143억 원, 101억 원 순매도하고 있고, 기관은 317억 원 순매수하고 있다.시총 상위 종목 중에서는 가온칩스(11.54%), 나노신소재(9.27%), ISC(8.45%), 아이티엠반도체(7.68%), 제주반도체(7.44%), 와이아이케이(5.68%), 레고켐바이오(5.42%), 리노공업(4.84%) 등이 강세다.LS머트리얼즈(-4.17%), 아프리카TV(-2.02%), 파두(-1.70%), JYP엔터(-1.54%) 등은 약세다.",이투데이
2024.01.09.,[특징주]엔비디아 AI 훈풍에…반도체株 일제히 '급등',[],이데일리
2024.01.09.,에이디테크놀로지 주가 들썩...기관과 외국인 대량매물은 실망,[],핀포인트뉴스
2024.01.09.,"[특징주] 가온칩스, 엔비디아발 AI반도체 기대감에 14%대 급등","▲가온칩스 CI. 가온칩스 [에너지경제신문 김기령 기자] 엔비디아 주가가 뉴욕 증시에서 사상 최고치를 기록하면서 반도체 디자인 전문 업체인 가온칩스를 비롯한 국내 반도체 종목들이 일제히 강세를 보이고 있다.9일 한국거래소에 따르면 이날 9시31분 기준 가온칩스는 전 거래일 대비 8100원(14.84%) 오른 6만2700원에 거래되고 있다.가온칩스가 10% 넘게 상승한 데는 엔비디아가 가정용AI 반도체 3종을 공개하면서 뉴욕 증시에서 주가가 사상 최고치를 기록한 데 따른 것으로 보인다.엔비디아는 지난 8일(현지시간) 미국 라스베이거스에서 열린 ‘2024 국제전자제품박람회(CES)’에서 개인용 컴퓨터(PC)로 생성형AI(인공지능)를 구동할 수 있는 그래픽처리장치(CPU) 3종을 새로 공개했다.이 소식에 엔비디아 주가는 급등해 사상 최고치를 경신했으며 국내 증시에서도 AI 반도체 관련 기업들이 강세다. 가온칩스를 비롯해 제주반도체(13.47%), 텔레칩스(3.87%), 칩스앤미디어(3.21%) 등이 오름세를 기록 중이다.giryeong@ekn.kr  [에너지경제신문 김기령 기자] 엔비디아 주가가 뉴욕 증시에서 사상 최고치를 기록하면서 반도체 디자인 전문 업체인 가온칩스를 비롯한 국내 반도체 종목들이 일제히 강세를 보이고 있다.9일 한국거래소에 따르면 이날 9시31분 기준 가온칩스는 전 거래일 대비 8100원(14.84%) 오른 6만2700원에 거래되고 있다.가온칩스가 10% 넘게 상승한 데는 엔비디아가 가정용AI 반도체 3종을 공개하면서 뉴욕 증시에서 주가가 사상 최고치를 기록한 데 따른 것으로 보인다.엔비디아는 지난 8일(현지시간) 미국 라스베이거스에서 열린 ‘2024 국제전자제품박람회(CES)’에서 개인용 컴퓨터(PC)로 생성형AI(인공지능)를 구동할 수 있는 그래픽처리장치(CPU) 3종을 새로 공개했다.이 소식에 엔비디아 주가는 급등해 사상 최고치를 경신했으며 국내 증시에서도 AI 반도체 관련 기업들이 강세다. 가온칩스를 비롯해 제주반도체(13.47%), 텔레칩스(3.87%), 칩스앤미디어(3.21%) 등이 오름세를 기록 중이다.giryeong@ekn.kr ",에너지경제
2024.01.09.,[특징주] 엔비디아 사상 최고가 소식에 국내 AI 관련주 강세,"[뉴스웍스=유한새 기자] 미국 인공지능(AI) 반도체 기업 엔비디아가 뉴욕증시 사상 최고치를 기록하자 국내 AI 관련 종목이 강세를 보이고 있다. 9일 한국거래소에 따르면 오전 9시 24분 기준 가온칩스가 전장 대비 7800원(14.29%) 상승한 6만2400원에 거래되고 있다.  9일 한국거래소에 따르면 오전 9시 24분 기준 가온칩스가 전장 대비 7800원(14.29%) 상승한 6만2400원에 거래되고 있다.  같은시각 ▲제주반도체(10.85%) ▲에이디테크놀로지(5.08%) ▲칩스앤미디어(4.13%) ▲리노공업(4.12%) 등 AI 관련주가 동반 강세를 보이고 있다. AI 관련주 급등은 간밤 뉴욕증시에서 엔비디아 주가가 사상 최고치를 기록한 데 따른 것으로 보인다.  엔비디아는 6.43% 상승 마감하며 사상 최고치를 경신했다.",뉴스웍스
2024.02.05.,주간 순매수 상위종목은?...외국인·기관은 현대차...개인은 SK하이닉스,"1위 HLB생명과학 240억원(150만주), 2위 아프리카TV 233억원(23만주), 3위 한글과컴퓨터 211억원(89만주), 4위 인터플렉스 145억원(85만주), 5위 레고켐바이오 114억원(24만주), 6위 칩스앤미디어 113억원(43만주), 7위 에스엠 108억원(15만주), 8위 코세스 107억원(62만주), 9위 하림지주 101억원(126만주), 10위 테크윙 97억원(63만주), 11위 HLB제약 94억원(53만주), 12위 뉴프렉스 81억원(86만주), 13위 비에이치아이 73억원(96만주), 14위 와이아이케이 71억원(123만주), 15위 보로노이 57억원(16만주), 16위 하나마이크론 57억원(23만주), 17위 펩트론 56억원(23만주), 18위 큐알티 55억원(23만주), 19위 가온칩스 52억원(9만주), 20위 글로벌텍스프리 52억원(118만주) 1위 HLB생명과학 240억원(150만주), 2위 아프리카TV 233억원(23만주), 3위 한글과컴퓨터 211억원(89만주), 4위 인터플렉스 145억원(85만주), 5위 레고켐바이오 114억원(24만주), 6위 칩스앤미디어 113억원(43만주), 7위 에스엠 108억원(15만주), 8위 코세스 107억원(62만주), 9위 하림지주 101억원(126만주), 10위 테크윙 97억원(63만주), 11위 HLB제약 94억원(53만주), 12위 뉴프렉스 81억원(86만주), 13위 비에이치아이 73억원(96만주), 14위 와이아이케이 71억원(123만주), 15위 보로노이 57억원(16만주), 16위 하나마이크론 57억원(23만주), 17위 펩트론 56억원(23만주), 18위 큐알티 55억원(23만주), 19위 가온칩스 52억원(9만주), 20위 글로벌텍스프리 52억원(118만주) 1위 에코프로비엠 -653억원(-29만주), 2위 알테오젠 -425억원(-55만주), 3위 엔켐 -375억원(-24만주), 4위 신성델타테크 -144억원(-19만주), 5위 엘앤에프 -136억원(-9만주), 6위 포스코DX -97억원(-17만주), 7위 차바이오텍 -85억원(-47만주), 8위 크리스탈신소재 -82억원(-520만주), 9위 하이비젼시스템 -81억원(-36만주), 10위 고영 -80억원(-40만주), 11위 에스앤에스텍 -70억원(-17만주), 12위 넥슨게임즈 -65억원(-39만주), 13위 피엔티 -65억원(-17만주), 14위 코스메카코리아 -61억원(-16만주), 15위 주성엔지니어링 -55억원(-17만주), 16위 HPSP -54억원(-11만주), 17위 JYP Ent. -51억원(-7만주), 18위 원익IPS -50억원(-16만주), 19위 레인보우로보틱스 -50억원(-3만주), 20위 성우하이텍 -46억원(-47만주) 1위 에코프로 590억원(11만주), 2위 에코프로비엠 493억원(22만주), 3위 포스코DX 456억원(80만주), 4위 HLB 190억원(28만주), 5위 GST 120억원(38만주), 6위 에이비엘바이오 96억원(42만주), 7위 위메이드 88억원(17만주), 8위 알테오젠 81억원(10만주), 9위 HLB생명과학 77억원(47만주), 10위 더블유씨피 48억원(11만주), 11위 카카오게임즈 46억원(19만주), 12위 동진쎄미켐 46억원(12만주), 13위 주성엔지니어링 43억원(12만주), 14위 휴젤 40억원(2만주), 15위 웹젠 39억원(23만주), 16위 HPSP 39억원(9만주), 17위 데브시스터즈 36억원(9만주), 18위 솔브레인홀딩스 36억원(8만주), 19위 코스메카코리아 32억원(8만주), 20위 가온칩스 28억원(4만주) 1위 엔켐 -580억원(-36만주), 2위 엘앤에프 -257억원(-18만주), 3위 엠로 -214억원(-34만주), 4위 ISC -193억원(-26만주), 5위 에스엠 -188억원(-25만주), 6위 한글과컴퓨터 -186억원(-77만주), 7위 이스트소프트 -154억원(-41만주), 8위 덕산네오룩스 -153억원(-41만주), 9위 아프리카TV -152억원(-15만주), 10위 칩스앤미디어 -130억원(-49만주), 11위 JYP Ent. -124억원(-16만주), 12위 펩트론 -117억원(-46만주), 13위 파마리서치 -114억원(-11만주), 14위 인텔리안테크 -112억원(-20만주), 15위 두산테스나 -107억원(-23만주), 16위 플리토 -106억원(-26만주), 17위 하나머티리얼즈 -102억원(-22만주), 18위 보로노이 -101억원(-29만주), 19위 글로벌텍스프리 -99억원(-228만주), 20위 에이직랜드 -99억원(-22만주) 1위 엔켐 983억원(61만주), 2위 엘앤에프 381억원(26만주), 3위 알테오젠 341억원(45만주), 4위 ISC 187억원(25만주), 5위 엠로 184억원(29만주), 6위 에코프로비엠 182억원(8만주), 7위 JYP Ent. 172억원(22만주), 8위 이스트소프트 148억원(29만주), 9위 신성델타테크 146억원(19만주), 10위 하이비젼시스템 139억원(59만주), 11위 에이직랜드 138억원(31만주), 12위 레인보우로보틱스 129억원(8만주), 13위 인텔리안테크 122억원(22만주), 14위 파마리서치 115억원(11만주), 15위 고영 111억원(58만주), 16위 덕산네오룩스 106억원(28만주), 17위 퀄리타스반도체 105억원(32만주), 18위 에스앤에스텍 104억원(25만주), 19위 플리토 95억원(21만주), 20위 두산테스나 87억원(19만주) 1위 에코프로 -584억원(-11만주), 2위 포스코DX -357억원(-62만주), 3위 HLB생명과학 -309억원(-192만주), 4위 HLB -271억원(-41만주), 5위 GST -137억원(-45만주), 6위 인터플렉스 -116억원(-67만주), 7위 하림지주 -112억원(-140만주), 8위 코세스 -105억원(-60만주), 9위 레고켐바이오 -76억원(-15만주), 10위 가온칩스 -74억원(-12만주), 11위 아프리카TV -73억원(-7만주), 12위 에이비엘바이오 -71억원(-32만주), 13위 와이아이케이 -71억원(-124만주), 14위 동진쎄미켐 -65억원(-17만주), 15위 위메이드 -62억원(-12만주), 16위 테크윙 -61억원(-39만주), 17위 네오셈 -59억원(-54만주), 18위 피에스케이홀딩스 -51억원(-17만주), 19위 에코플라스틱 -49억원(-98만주), 20위 카카오게임즈 -49억원(-19만주) 정준범 글로벌이코노믹 기자 jjbkey@g-enews.com [알림] 본 기사는 투자판단의 참고용이며, 이를 근거로 한 투자손실에 대한 책임은 없습니다. ",글로벌이코노믹
2024.02.05.,"1위 어보브반도체 주가, 2위 SFA반도체 주가, 3위 고영 주가... 1월 5주차 테마별 주식 시스템반도체 부문 트렌드지수 순위 발표","1위 어보브반도체 주가는 트렌드지수 27,179점으로 전주 3,715점보다 23,464점 상승했다. 2위 SFA반도체 주가는 트렌드지수 24,931점으로 전주 5,288점보다 19,643점 상승했다. 3위 고영 주가는 트렌드지수 13,562점으로 전주 3,940점보다 9,622점 상승했다. 4위 가온칩스 주가는 트렌드지수 8,094점으로 전주 6,483점보다 1,611점 상승했다. 4위 가온칩스 주가는 트렌드지수 8,094점으로 전주 6,483점보다 1,611점 상승했다. 5위 하나마이크론 주가는 트렌드지수 6,685점으로 전주 5,794점보다 891점 상승했다. 또 6위 테크윙 주가는 트렌드지수 6,636점, 7위 파두 주가는 트렌드지수 6,204점, 8위 퀄리타스반도체 주가는 트렌드지수 5,999점, 9위 매커스 주가는 트렌드지수 5,066점, 10위 리노공업 주가는 트렌드지수 5,045점이다. 이어 11위 이미지스 주가, 12위 에이직랜드 주가, 13위 칩스앤미디어 주가, 14위 네패스 주가, 15위 텔레칩스 주가, 16위 LB세미콘 주가, 17위 LX세미콘 주가, 18위 큐알티 주가, 19위 에스앤에스텍 주가, 20위 DB하이텍 주가 순으로 나타났다.",CWN
2024.02.05.,[리스트] MVP 상위 주식 20선... 코세스 등 - 5일,"				가치투자 전문 포털 아이투자(itooza.com)는 실적과 밸류에이션, 수급 매력을 두루 갖춘 종목을 추려낸 결과, 5일 코세스가 포함됐다고 밝혔다.이는 아이투자가 자체 개발한 종목평가 로직 'MVP 점수'에 따른 것으로 매일 개장 전 새롭게 업데이트해 추려낸 20선을 투자 참고용으로 장 초반 소개하고 있다.# 3개 항목 골고루 높은 평가를 받은 종목: 코세스, 크래프톤, 가온칩스, 국보디자인, 키움증권, 고려신용정보 				가치투자 전문 포털 아이투자(itooza.com)는 실적과 밸류에이션, 수급 매력을 두루 갖춘 종목을 추려낸 결과, 5일 코세스가 포함됐다고 밝혔다.이는 아이투자가 자체 개발한 종목평가 로직 'MVP 점수'에 따른 것으로 매일 개장 전 새롭게 업데이트해 추려낸 20선을 투자 참고용으로 장 초반 소개하고 있다.# 3개 항목 골고루 높은 평가를 받은 종목: 코세스, 크래프톤, 가온칩스, 국보디자인, 키움증권, 고려신용정보",아이투자
2024.02.05.,"삼성전자 주가, 제주반도체 주가, SK하이닉스 주가… 2월 5일 테마별 주식 온디바이스 AI 현재 거래량 순위","3위 SK하이닉스 주가는 134,000원으로 전일대비 900원 하락 중이다. 4위 HPSP 주가는 46,000원으로 전일대비 850원 하락 중이다. 5위 태성 주가는 3,975원으로 전일대비 80원 하락 중이다. 6위 가온칩스 주가는 62,400원으로 전일대비 2,100원 상승 중이다. 6위 가온칩스 주가는 62,400원으로 전일대비 2,100원 상승 중이다. 7위 삼성전기 주가는 136,500원으로 전일대비 3,700원 하락 중이다. 8위 오픈엣지테크놀로지 주가는 19,860원으로 전일대비 120원 하락 중이다. 9위 칩스앤미디어 주가는 25,050원으로 전일대비 350원 하락 중이다. 10위 텔레칩스 주가는 26,750원으로 전일대비 50원 상승 중이다.",스타데일리뉴스
2024.02.05.,비플라이소프트 주가 불기둥...AI 학습용 빅데이터 중심 외형성장과 내실 박차,같은 기간 매출액은 169억원으로 4.0% 증가했고 순이익은 8억원으로 턴어라운드에 성공했다. 이날 오전 11시 8분 지능형로봇 인공지능(AI) 관련주인 오브젠 줌인터넷 유진로봇 에스피시스템스 알에프세미 라온피플 신테카바이오 로보로보 로보스타 큐렉소 TPC 오브젠 알체라 유일로보틱스 오픈베이스 러셀 코난테크놀로지 스맥 링크제니시스  엠로 에이디칩스 우리기술 고영 퍼스텍 커머스마이너 제이엘케이 에브리봇 신성델타테크 핀텔 미래컴퍼니 뷰노 코어라인소프트 이랜시스 바이브컴퍼니 한국전자인증 영우디에스피 싸이맥스 데이타솔루션 노블엠앤비 씨유박스 브레인즈컴퍼니 네패스 삼성에스디에스 루닛 모아데이타 딥노이드 엑셈  뷰노 와이더플래닛 셀바스AI 코난테크놀로지 레인보우로보틱스 제이엘케이 마슴AI 인포마크는 로보티즈 삼성에스디에스  크라우드웍스 가온그룹 에스티큐브 이랜시스 인포마크 와이더플래닛 엠로 위세아이텍 마음AI 솔트룩스 비플라이소프트는 보합 내지 크게 출렁 거리고 있다 오브젠은 보합인 2만 750원에 거래를 마감했다. ,핀포인트뉴스
2024.02.05.,"비플라이소프트, 고영, 모비스… 2월 5일 테마별 주식 지능형로봇/인공지능(AI) 현재거래량 순위",[],라온신문
2024.02.05.,"1위 제주반도체 주가, 2위 어보브반도체 주가, 3위 SFA반도체 주가... 2월 1주차 업종별 주식 반도체와 반도체 장비 부문 트렌드지수 순위 발표","1위 제주반도체 주가는 트렌드지수 58,734점으로 전주 76,395점보다 17,661점 하락했다. 2위 어보브반도체 주가는 트렌드지수 17,031점으로 전주 27,179점보다 10,148점 하락했다. 3위 SFA반도체 주가는 트렌드지수 14,066점으로 전주 24,931점보다 10,865점 하락했다. 4위 네오셈 주가는 트렌드지수 12,996점으로 전주 18,773점보다 5,777점 하락했다. 5위 코세스 주가는 트렌드지수 8,014점으로 전주 11,227점보다 3,213점 하락했다. 또 6위 오킨스전자 주가는 트렌드지수 6,868점, 7위 하나마이크론 주가는 트렌드지수 6,568점, 8위 주성엔지니어링 주가는 트렌드지수 6,379점, 9위 가온칩스 주가는 트렌드지수 5,698점, 10위 동진쎄미켐 주가는 트렌드지수 5,613점이다. 또 6위 오킨스전자 주가는 트렌드지수 6,868점, 7위 하나마이크론 주가는 트렌드지수 6,568점, 8위 주성엔지니어링 주가는 트렌드지수 6,379점, 9위 가온칩스 주가는 트렌드지수 5,698점, 10위 동진쎄미켐 주가는 트렌드지수 5,613점이다. 이어 11위 퀄리타스반도체 주가, 12위 파두 주가, 13위 GST 주가, 14위 SK스퀘어 주가, 15위 HPSP 주가, 16위 신성이엔지 주가, 17위 테크윙 주가, 18위 에스앤에스텍 주가, 19위 칩스앤미디어 주가, 20위 리노공업 주가 순으로 나타났다.",CWN
2024.02.05.,자람테크놀로지 주가 훨훨...반도체 경기 본격 회복 '모락모락',[],핀포인트뉴스
2024.02.05.,잘 나가던 온디바이스 AI주 줄줄이 파란불...이유는,"[파이낸셜뉴스] 지난 연말 큰 관심을 모은 온디바이스 인공지능(AI) 관련주의 주가에 '파란불'이 켜졌다. 온디바이스 AI 수요가 지지부진한 데다 상승 재료가 소멸한 영향이 크다는 분석이다. 5일 한국거래소에 따르면 제주반도체는 전 거래일 대비 11.39% 하락한 2만4500원에 거래를 마쳤다. 지난달 25일 3만4000원까지 오르며 52주 신고가를 새로 썼지만 7거래일 연속 하락세를 이어가고 있다. 이 기간 주가는 27.5% 떨어졌다. 같은 기간 온디바이스 AI 관련주들이 나란히 내림세를 보였다. 폴라리스오피스(-30.9%), 태성(-24.8%), 칩스앤미디어(-19.8%), 가온칩스(-14.2%), 리노공업(-13.9%) 등이 두 자릿수 하락률을 나타냈다. 같은 기간 온디바이스 AI 관련주들이 나란히 내림세를 보였다. 폴라리스오피스(-30.9%), 태성(-24.8%), 칩스앤미디어(-19.8%), 가온칩스(-14.2%), 리노공업(-13.9%) 등이 두 자릿수 하락률을 나타냈다. 온디바이스 AI는 말 그대로 기기에 탑재된 AI라는 뜻이다. 기존 AI 서비스가 대규모 AI 서버에서 연산을 수행하고 통신을 거쳐 결과를 PC 또는 스마트폰 등에서 받아보는 방식이었다면, 온디바이스 AI는 단말기에서 자체적으로 정보를 수집한 뒤 연산 후 답변한다. 지난해 10월 구글이 온디바이스 AI를 탑재한 스마트폰 ‘픽셀8’ 시리즈를 발표한데 이어 삼성전자도 관련 기능이 탑재된 갤럭시S24 시리즈를 출시하면서 투자심리가 급격히 몰렸다. 지난해 11월 이후 온디바이스 AI 관련주는 지난달 중순까지 주가가 최소 60% 넘게 뛰었다. 제주반도체(751.4%), 가온칩스(124.2%), 태성(118.8%), 오픈엣지테크놀로지(66.1%) 등이 급등세를 연출했다. AI 관련주의 내림세는 기대 모멘텀들이 사라진 때문이다. 미국 연방준비제도(Fed·연준)가 1월 연방공개시장위원회(FOMC)에서 조기 금리인하 가능성을 일축하면서 기술주·성장주의 투심이 꺾인 것으로 풀이된다. 인텔과 구글 등 미국 빅테크 기업들이 예상 외의 부진한 실적을 발표한 것도 투심 위축에 영향을 미쳤다는 분석도 나온다. 지난달 챗GPT 개발자 샘 올트먼 오픈AI 최고경영자(CEO)가 방한해 삼성전자·SK하이닉스 등과 회의를 가진 뒤 '방한 기대감'이라는 상승 재료가 소멸했다는 시각도 있다. 온디바이스 AI주의 약세에 관련 ETF 수익률에도 파란불이 들어왔다. 지난달 25일부터 이날까지 'KODEX AI반도체핵심장비'(-10.1%), 'TIGER AI반도체핵심공정'(-8.9%) 등의 수익률이 하락했다. 다만, 개인 투자자들은 최근 일주일간 해당 ETF 상품을 각각 81억원, 53억원씩 순매수했다. 저가 매수를 기회로 삼으려는 수급이 몰린 것이다. 증권가에서는 단기적으로는 온디바이스 AI주의 조정이 불가피할 것으로 보고 있다.  하이투자증권 이상헌 연구원은 “지난해 생성형 AI가 돌풍을 일으키면서 기대감이 주가를 끌어올렸다”며 “구글이나 삼성전자의 발표 이후 다른 회사에서 온디바이스 AI 제품이 후속적으로 공개됐다면 온기가 지속될 수 있었겠지만 현재로서는 그런 모멘텀이 없다”고 말했다. 중장기 성장산업인 만큼 주가 추이를 지켜봐야 한다는 진단도 나온다. BNK투자증권 이민희 연구원은 “온디바이스 AI에 대한 단기적인 수요 확대는 기대하기 어렵기 때문에 급격히 오른 주가에 조정이 있을 것”이라며 “전방 고객사들의 수요·실적이 개선된 뒤 올해 하반기 이후를 기대할 만하다”고 전했다. nodelay@fnnews.com 박지연 기자",파이낸셜뉴스
2024.02.05.,온디바이스 AI주 너무 올랐나… 반등장에 줄줄이 급락,"						지난 연말 큰 관심을 모은 온디바이스 인공지능(AI) 관련주의 주가에 '파란불'이 켜졌다. 온디바이스 AI 수요가 지지부진한 데다 상승 재료가 소멸한 영향이 크다는 분석이다. 5일 한국거래소에 따르면 제주반도체는 전 거래일 대비 11.39% 하락한 2만4500원에 거래를 마쳤다. 지난달 25일 3만4000원까지 오르며 52주 신고가를 새로 썼지만 7거래일 연속 하락세를 이어가고 있다. 이 기간 주가는 27.5% 떨어졌다. 같은 기간 온디바이스 AI 관련주들이 나란히 내림세를 보였다. 폴라리스오피스(-30.9%), 태성(-24.8%), 칩스앤미디어(-19.8%), 가온칩스(-14.2%), 리노공업(-13.9%) 등이 두 자릿수 하락률을 나타냈다. 같은 기간 온디바이스 AI 관련주들이 나란히 내림세를 보였다. 폴라리스오피스(-30.9%), 태성(-24.8%), 칩스앤미디어(-19.8%), 가온칩스(-14.2%), 리노공업(-13.9%) 등이 두 자릿수 하락률을 나타냈다. 온디바이스 AI는 말 그대로 기기에 탑재된 AI라는 뜻이다. 기존 AI 서비스가 대규모 AI 서버에서 연산을 수행하고 통신을 거쳐 결과를 PC 또는 스마트폰 등에서 받아보는 방식이었다면, 온디바이스 AI는 단말기에서 자체적으로 정보를 수집한 뒤 연산 후 답변한다. 지난해 10월 구글이 온디바이스 AI를 탑재한 스마트폰 '픽셀8' 시리즈를 발표한데 이어 삼성전자도 관련 기능이 탑재된 갤럭시S24 시리즈를 출시하면서 투자심리가 급격히 몰렸다. 지난해 11월 이후 온디바이스 AI 관련주는 지난달 중순까지 주가가 최소 60% 넘게 뛰었다. 제주반도체(751.4%), 가온칩스(124.2%), 태성(118.8%), 오픈엣지테크놀로지(66.1%) 등이 급등세를 연출했다. AI 관련주의 내림세는 기대 모멘텀들이 사라진 때문이다. 미국 연방준비제도(Fed·연준)가 1월 연방공개시장위원회(FOMC)에서 조기 금리인하 가능성을 일축하면서 기술주·성장주의 투심이 꺾인 것으로 풀이된다. 인텔과 구글 등 미국 빅테크 기업들이 예상 외의 부진한 실적을 발표한 것도 투심 위축에 영향을 미쳤다는 분석도 나온다. nodelay@fnnews.com 박지연 기자",파이낸셜뉴스언론사 선정
2024.02.06.,"[투자주체 매매동향] 기관, 삼성전자 주식 3600억 순매도","1위 신성델타테크 238억원(24만주), 2위 엔켐 159억원(8만주), 3위 아프리카TV 71억원(6만주), 4위 포스코DX 44억원(7만주), 5위 제주반도체 38억원(16만주), 6위 이오테크닉스 32억원(2만주), 7위 티씨케이 25억원(3만주), 8위 레고켐바이오 25억원(5만주), 9위 에스티팜 24억원(4만주), 10위 네오셈 24억원(24만주), 11위 유진테크 21억원(6만주), 12위 골프존 19억원(2만주), 13위 삼천당제약 19억원(3만주), 14위 어보브반도체 18억원(10만주), 15위 루닛 18억원(3만주), 16위 티앤엘 18억원(4만주), 17위 바이넥스 14억원(14만주), 18위 ISC 14억원(2만주), 19위 뉴프렉스 13억원(15만주), 20위 해성티피씨 11억원(10만주) 1위 에코프로 -131억원(-2만주), 2위 HLB -111억원(-16만주), 3위 알테오젠 -100억원(-13만주), 4위 HLB생명과학 -85억원(-50만주), 5위 엘앤에프 -61억원(-4만주), 6위 고영 -45억원(-26만주), 7위 엔케이맥스 -42억원(-148만주), 8위 코세스 -41억원(-24만주), 9위 파워로직스 -40억원(-33만주), 10위 JYP Ent. -38억원(-5만주), 11위 아가방컴퍼니 -34억원(-62만주), 12위 에코프로비엠 -31억원(-1만주), 13위 하나마이크론 -31억원(-12만주), 14위 카나리아바이오 -28억원(-151만주), 15위 한글과컴퓨터 -27억원(-10만주), 16위 동진쎄미켐 -25억원(-6만주), 17위 가온칩스 -23억원(-4만주), 18위 리노공업 -22억원(-1만주), 19위 코리아에프티 -21억원(-46만주), 20위 큐알티 -21억원(-10만주) 1위 에코프로 -131억원(-2만주), 2위 HLB -111억원(-16만주), 3위 알테오젠 -100억원(-13만주), 4위 HLB생명과학 -85억원(-50만주), 5위 엘앤에프 -61억원(-4만주), 6위 고영 -45억원(-26만주), 7위 엔케이맥스 -42억원(-148만주), 8위 코세스 -41억원(-24만주), 9위 파워로직스 -40억원(-33만주), 10위 JYP Ent. -38억원(-5만주), 11위 아가방컴퍼니 -34억원(-62만주), 12위 에코프로비엠 -31억원(-1만주), 13위 하나마이크론 -31억원(-12만주), 14위 카나리아바이오 -28억원(-151만주), 15위 한글과컴퓨터 -27억원(-10만주), 16위 동진쎄미켐 -25억원(-6만주), 17위 가온칩스 -23억원(-4만주), 18위 리노공업 -22억원(-1만주), 19위 코리아에프티 -21억원(-46만주), 20위 큐알티 -21억원(-10만주) 1위 포스코DX 69억원(12만주), 2위 한글과컴퓨터 33억원(13만주), 3위 자람테크놀로지 30억원(9만주), 4위 피에스케이홀딩스 24억원(8만주), 5위 동국제약 17억원(10만주), 6위 비씨엔씨 13억원(6만주), 7위 영풍정밀 13억원(10만주), 8위 코스메카코리아 12억원(3만주), 9위 GST 12억원(4만주), 10위 브이티 9억원(6만주), 11위 티에스이 9억원(2만주), 12위 기가비스 9억원(1만주), 13위 에스티아이 8억원(3만주), 14위 나스미디어 8억원(3만주), 15위 디아이티 8억원(4만주), 16위 에스티팜 7억원(1만주), 17위 에스에프에이 7억원(3만주), 18위 카카오게임즈 7억원(3만주), 19위 컴투스홀딩스 6억원(2만주), 20위 KG모빌리언스 6억원(10만주) 1위 엔켐 -238억원(-13만주), 2위 엘앤에프 -170억원(-12만주), 3위 유진테크 -160억원(-48만주), 4위 에코프로비엠 -105억원(-5만주), 5위 아이센스 -82억원(-36만주), 6위 주성엔지니어링 -58억원(-19만주), 7위 플리토 -44억원(-13만주), 8위 메디톡스 -43억원(-2만주), 9위 에스앤에스텍 -43억원(-11만주), 10위 신성에스티 -36억원(-11만주), 11위 파마리서치 -35억원(-4만주), 12위 알테오젠 -34억원(-4만주), 13위 솔브레인 -31억원(-1만주), 14위 티씨케이 -30억원(-3만주), 15위 심텍 -29억원(-9만주), 16위 HLB -27억원(-4만주), 17위 에코프로 -26억원(0만주), 18위 삼천당제약 -25억원(-4만주), 19위 골프존 -25억원(-3만주), 20위 하나머티리얼즈 -24억원(-5만주) 1위 엔켐 252억원(15만주), 2위 엘앤에프 229억원(16만주), 3위 에코프로 146억원(3만주), 4위 에코프로비엠 146억원(6만주), 5위 HLB 139억원(20만주), 6위 유진테크 137억원(41만주), 7위 알테오젠 127억원(16만주), 8위 아이센스 98억원(43만주), 9위 HLB생명과학 90억원(53만주), 10위 JYP Ent. 61억원(8만주), 11위 주성엔지니어링 60억원(20만주), 12위 에스앤에스텍 57억원(14만주), 13위 고영 54억원(30만주), 14위 엔케이맥스 49억원(172만주), 15위 하나마이크론 48억원(19만주), 16위 동진쎄미켐 46억원(12만주), 17위 코세스 45억원(26만주), 18위 심텍 41억원(12만주), 19위 파워로직스 41억원(34만주), 20위 신성에스티 38억원(12만주)  1위 신성델타테크 -220억원(-22만주), 2위 포스코DX -113억원(-19만주), 3위 아프리카TV -66억원(-6만주), 4위 에스티팜 -32억원(-5만주), 5위 제주반도체 -31억원(-14만주), 6위 자람테크놀로지 -21억원(-6만주), 7위 어보브반도체 -20억원(-11만주), 8위 티앤엘 -20억원(-5만주), 9위 네오셈 -19억원(-20만주), 10위 피에스케이홀딩스 -18억원(-6만주), 11위 영풍정밀 -18억원(-14만주), 12위 ISC -14억원(-2만주), 13위 코스메카코리아 -13억원(-4만주), 14위 인터플렉스 -12억원(-7만주), 15위 인텍플러스 -12억원(-4만주), 16위 루닛 -11억원(-2만주), 17위 네오위즈 -10억원(-4만주), 18위 한글과컴퓨터 -9억원(-4만주), 19위 대봉엘에스 -9억원(-9만주), 20위 카카오게임즈 -9억원(-3만주)  정준범 글로벌이코노믹 기자 jjbkey@g-enews.com[알림] 본 기사는 투자판단의 참고용이며, 이를 근거로 한 투자손실에 대한 책임은 없습니다. ",글로벌이코노믹
2024.02.06.,1위 제주반도체 주가·2위 삼성전기 주가·3위 대덕전자 주가 2월 1주차 테마별 주식 온디바이스 AI 부문 트렌드지수 순위 발표,"3위 대덕전자 주가는 트렌드지수 6,896포인트로 전주 6,815포인트보다 81포인트 상승했다. 4위 가온칩스 주가는 트렌드지수 5,698포인트로 전주 8,079포인트보다 2,381포인트 하락했다. 4위 가온칩스 주가는 트렌드지수 5,698포인트로 전주 8,079포인트보다 2,381포인트 하락했다. 5위 퀄리타스반도체 주가는 트렌드지수 5,461포인트로 전주 5,971포인트보다 510포인트 하락했다. 6위 HPSP 주가는 트렌드지수 4,510포인트로 전주 9,058포인트보다 4,548포인트 하락했다. 7위 칩스앤미디어 주가는 트렌드지수 4,064포인트로 전주 4,278포인트보다 214포인트 하락했다. 8위 리노공업 주가는 트렌드지수 3,757포인트로 전주 5,045포인트보다 1,288포인트 하락했다. 9위 텔레칩스 주가는 트렌드지수 3,485포인트로 전주 3,858포인트보다 373포인트 하락했다. 10위 네패스 주가는 트렌드지수 2,666포인트로 전주 4,123포인트보다 1,457포인트 하락했다. 11위 에이디테크놀로지 주가, 12위 심텍 주가, 13위 태성 주가, 14위는 네패스아크 주가로 나타났다.",스타데일리뉴스
2024.02.06.,"1위 엔씨소프트 주가, 2위 텔레칩스 주가, 3위 위지윅스튜디오 주가... 2월 1주차 테마별 주식 증강현실(AR) 부문 트렌드지수 순위 발표","1위 엔씨소프트 주가는 트렌드지수 12,881점으로 전주 16,822점보다 3,941점 하락했다. 2위 텔레칩스 주가는 트렌드지수 3,485점으로 전주 3,858점보다 373점 하락했다. 2위 텔레칩스 주가는 트렌드지수 3,485점으로 전주 3,858점보다 373점 하락했다. 3위 위지윅스튜디오 주가는 트렌드지수 3,367점으로 전주 3,109점보다 258점 상승했다. 4위 라온텍 주가는 트렌드지수 3,201점으로 전주 2,335점보다 866점 상승했다. 5위 맥스트 주가는 트렌드지수 1,807점으로 전주 2,154점보다 347점 하락했다. 또 6위 엠게임 주가는 트렌드지수 1,749점, 7위 가온그룹 주가는 트렌드지수 1,652점, 8위 아이엠 주가는 트렌드지수 1,591점, 9위 덱스터 주가는 트렌드지수 1,477점, 10위 젬백스링크 주가는 트렌드지수 1,394점이다. 이어 11위 세코닉스 주가, 12위 이노시뮬레이션 주가, 13위 드래곤플라이 주가, 14위 이랜텍 주가, 15위 팅크웨어 주가, 16위 비유테크놀러지 주가, 17위 에스넷 주가, 18위 버넥트 주가, 19위 디모아 주가, 20위 신도기연 주가 순으로 나타났다.",CWN
2024.02.06.,"삼성전자 주가, 제주반도체 주가, SK하이닉스 주가… 2월 6일 테마별 주식 온디바이스 AI 현재 거래량 순위",[],스타데일리뉴스
2024.02.06.,"에브리봇, 고영, 비플라이소프트… 2월 6일 테마별 주식 지능형로봇/인공지능(AI) 현재거래량 순위",[],라온신문
2024.02.06.,오픈엣지테크놀로지 주가 들썩... 품질경영시스템 국제 규격 ISO 9001:2015 뭐길래?,[],핀포인트뉴스
2024.02.06.,가온칩스 주가 기세등등...시스템반도체 시장 부각,[],핀포인트뉴스
2024.02.06.,"가온칩스, 3거래일 연속 상승에 10% 급등…6만7000원선 재돌파",[],이코노뉴스
2024.02.06.,"[특징주]반도체株, 엔비디아 목표가 상향에 '온기'",[],이데일리
2024.02.06.,에브리봇 주가 불기둥...영업이익 매출액 등 수익성 훈풍 기대,"Amazon US, Qoo10 등을 통해 본격적인 해외 진출을 시작하여 해외 온라인 시장 진출 확대에 집중하고 있다. 이날 오후 2시 55분 지능형로봇 인공지능(AI) 관련주인 오브젠 줌인터넷 유진로봇 에스피시스템스 알에프세미 라온피플 신테카바이오 로보로보 로보스타 큐렉소 TPC 오브젠 알체라 유일로보틱스 오픈베이스 러셀 코난테크놀로지 스맥 링크제니시스  엠로 에이디칩스 우리기술 고영 퍼스텍 커머스마이너 제이엘케이 에브리봇 신성델타테크 핀텔 미래컴퍼니 뷰노 코어라인소프트 이랜시스 바이브컴퍼니 한국전자인증 영우디에스피 싸이맥스 데이타솔루션 노블엠앤비 씨유박스 브레인즈컴퍼니 네패스 삼성에스디에스 루닛 모아데이타 딥노이드 엑셈  뷰노 와이더플래닛 셀바스AI 코난테크놀로지 레인보우로보틱스 제이엘케이 마슴AI 인포마크는 로보티즈 삼성에스디에스  크라우드웍스 가온그룹 에스티큐브 이랜시스 인포마크 와이더플래닛 엠로 위세아이텍 마음AI 솔트룩스 비플라이소프트는 보합 내지 크게 출렁 거리고 있다. 이날 오후 2시 55분 지능형로봇 인공지능(AI) 관련주인 오브젠 줌인터넷 유진로봇 에스피시스템스 알에프세미 라온피플 신테카바이오 로보로보 로보스타 큐렉소 TPC 오브젠 알체라 유일로보틱스 오픈베이스 러셀 코난테크놀로지 스맥 링크제니시스  엠로 에이디칩스 우리기술 고영 퍼스텍 커머스마이너 제이엘케이 에브리봇 신성델타테크 핀텔 미래컴퍼니 뷰노 코어라인소프트 이랜시스 바이브컴퍼니 한국전자인증 영우디에스피 싸이맥스 데이타솔루션 노블엠앤비 씨유박스 브레인즈컴퍼니 네패스 삼성에스디에스 루닛 모아데이타 딥노이드 엑셈  뷰노 와이더플래닛 셀바스AI 코난테크놀로지 레인보우로보틱스 제이엘케이 마슴AI 인포마크는 로보티즈 삼성에스디에스  크라우드웍스 가온그룹 에스티큐브 이랜시스 인포마크 와이더플래닛 엠로 위세아이텍 마음AI 솔트룩스 비플라이소프트는 보합 내지 크게 출렁 거리고 있다. 오브젠은 보합인 1.22% 내려 2만 300원에 거래를 마감했다. ",핀포인트뉴스
